OrderID,CustomerID,OrderDate,Product,Category,Quantity,Price,PaymentMethod,TotalAmount,Month
1001,151,2023-02-03,Phone,Accessories,4,646.44,PayPal,2585.76,2023-02
1002,192,2023-04-21,Headphones,Accessories,2,1316.9,UPI,2633.8,2023-04
1003,114,2023-09-21,Headphones,Accessories,4,975.03,UPI,3900.12,2023-09
1004,171,2023-08-24,Phone,Accessories,2,1258.78,Credit Card,2517.56,2023-08
1005,160,2023-03-24,Monitor,Accessories,3,774.18,Credit Card,2322.54,2023-03
1006,120,2023-02-11,Camera,Electronics,4,825.79,UPI,3303.16,2023-02
1007,182,2023-04-11,Headphones,Accessories,1,259.36,UPI,259.36,2023-04
1008,186,2023-01-06,Monitor,Accessories,4,1186.78,Credit Card,4747.12,2023-01
1009,174,2023-06-29,Phone,Accessories,3,658.11,COD,1974.33,2023-06
1010,174,2023-10-09,Monitor,Accessories,1,775.12,UPI,775.12,2023-10
1011,187,2023-11-16,Laptop,Electronics,1,1188.39,PayPal,1188.39,2023-11
1012,199,2023-08-14,Headphones,Electronics,2,918.33,PayPal,1836.66,2023-08
1013,123,2023-11-11,Phone,Electronics,1,341.59,PayPal,341.59,2023-11
1014,102,2023-12-31,Camera,Accessories,1,905.84,UPI,905.84,2023-12
1015,121,2023-08-17,Phone,Accessories,4,641.07,COD,2564.28,2023-08
1016,152,2023-10-16,Camera,Electronics,3,730.81,COD,2192.43,2023-10
1017,101,2023-05-30,Phone,Electronics,2,91.05,Credit Card,182.1,2023-05
1018,187,2023-10-04,Monitor,Electronics,4,354.54,UPI,1418.16,2023-10
1019,129,2023-07-17,Monitor,Accessories,1,457.51,COD,457.51,2023-07
1020,137,2023-03-11,Monitor,Accessories,1,1083.79,UPI,1083.79,2023-03
1021,101,2023-04-22,Laptop,Electronics,2,66.66,Credit Card,133.32,2023-04
1022,163,2023-01-04,Camera,Electronics,3,642.73,Credit Card,1928.19,2023-01
1023,159,2023-12-16,Monitor,Electronics,2,1389.84,Credit Card,2779.68,2023-12
1024,120,2023-11-27,Laptop,Accessories,4,212.23,PayPal,848.92,2023-11
1025,132,2023-11-14,Camera,Accessories,2,798.82,UPI,1597.64,2023-11
1026,175,2023-12-16,Phone,Accessories,1,1190.46,Credit Card,1190.46,2023-12
1027,157,2023-04-05,Laptop,Electronics,4,1416.67,UPI,5666.68,2023-04
1028,121,2023-06-01,Headphones,Electronics,1,1132.83,PayPal,1132.83,2023-06
1029,188,2023-11-07,Laptop,Accessories,3,1094.82,PayPal,3284.46,2023-11
1030,148,2023-05-17,Laptop,Electronics,1,1248.41,Credit Card,1248.41,2023-05
1031,190,2023-09-04,Camera,Accessories,1,696.99,Credit Card,696.99,2023-09
1032,158,2023-08-31,Phone,Electronics,2,1218.47,COD,2436.94,2023-08
1033,141,2023-01-31,Headphones,Electronics,1,61.55,UPI,61.55,2023-01
1034,191,2023-02-09,Monitor,Electronics,4,1390.61,Credit Card,5562.44,2023-02
1035,159,2023-08-17,Monitor,Electronics,4,692.79,COD,2771.16,2023-08
1036,179,2023-02-05,Laptop,Accessories,3,852.4,UPI,2557.2,2023-02
1037,114,2023-08-11,Camera,Electronics,4,419.58,Credit Card,1678.32,2023-08
1038,161,2023-01-06,Camera,Accessories,2,1126.67,COD,2253.34,2023-01
1039,161,2023-11-18,Monitor,Accessories,3,161.12,COD,483.36,2023-11
1040,146,2023-08-08,Headphones,Accessories,4,1315.32,UPI,5261.28,2023-08
1041,161,2023-03-16,Phone,Electronics,2,1250.77,COD,2501.54,2023-03
1042,150,2023-01-04,Headphones,Accessories,4,363.29,UPI,1453.16,2023-01
1043,154,2023-12-01,Phone,Accessories,4,1223.52,UPI,4894.08,2023-12
1044,163,2023-05-14,Monitor,Accessories,1,1190.22,UPI,1190.22,2023-05
1045,102,2023-04-28,Phone,Electronics,4,966.71,PayPal,3866.84,2023-04
1046,150,2023-04-04,Camera,Electronics,4,591.6,COD,2366.4,2023-04
1047,106,2023-03-03,Laptop,Accessories,2,443.67,UPI,887.34,2023-03
1048,120,2023-07-13,Laptop,Electronics,2,386.09,Credit Card,772.18,2023-07
1049,172,2023-12-01,Monitor,Accessories,1,511.98,PayPal,511.98,2023-12
1050,138,2023-07-22,Camera,Accessories,4,1360.16,PayPal,5440.64,2023-07
1051,117,2023-01-26,Headphones,Electronics,1,162.58,COD,162.58,2023-01
1052,103,2023-06-22,Camera,Accessories,4,1251.86,UPI,5007.44,2023-06
1053,188,2023-10-27,Laptop,Electronics,3,555.89,COD,1667.67,2023-10
1054,159,2023-05-13,Laptop,Electronics,3,806.32,PayPal,2418.96,2023-05
1055,113,2023-11-22,Camera,Accessories,1,1202.0,UPI,1202.0,2023-11
1056,108,2023-04-28,Camera,Electronics,1,1332.35,Credit Card,1332.35,2023-04
1057,189,2023-11-20,Laptop,Electronics,1,549.93,UPI,549.93,2023-11
1058,152,2023-10-02,Headphones,Accessories,2,719.67,PayPal,1439.34,2023-10
1059,101,2023-07-31,Monitor,Accessories,2,651.05,Credit Card,1302.1,2023-07
1060,183,2023-08-13,Monitor,Electronics,2,69.21,UPI,138.42,2023-08
1061,191,2023-01-20,Camera,Electronics,1,479.12,Credit Card,479.12,2023-01
1062,159,2023-04-23,Monitor,Accessories,4,715.82,Credit Card,2863.28,2023-04
1063,170,2023-05-20,Laptop,Electronics,3,646.09,PayPal,1938.27,2023-05
1064,143,2023-02-16,Laptop,Electronics,1,1096.8,Credit Card,1096.8,2023-02
1065,107,2023-01-01,Camera,Electronics,2,607.97,COD,1215.94,2023-01
1066,146,2023-03-31,Camera,Electronics,2,759.6,PayPal,1519.2,2023-03
1067,134,2023-05-22,Camera,Electronics,1,672.93,COD,672.93,2023-05
1068,177,2023-11-16,Headphones,Electronics,1,1123.91,Credit Card,1123.91,2023-11
1069,180,2023-02-07,Monitor,Electronics,2,1301.31,COD,2602.62,2023-02
1070,135,2023-10-20,Camera,Accessories,4,821.24,UPI,3284.96,2023-10
1071,149,2023-05-19,Phone,Accessories,2,1194.68,Credit Card,2389.36,2023-05
1072,103,2023-12-22,Phone,Accessories,2,480.34,UPI,960.68,2023-12
1073,101,2023-11-29,Laptop,Accessories,1,834.99,COD,834.99,2023-11
1074,105,2023-09-16,Monitor,Accessories,4,550.58,UPI,2202.32,2023-09
1075,153,2023-06-10,Camera,Electronics,2,650.59,Credit Card,1301.18,2023-06
1076,103,2023-06-27,Phone,Electronics,2,1112.0,UPI,2224.0,2023-06
1077,153,2023-01-10,Monitor,Electronics,3,1328.41,COD,3985.230000000001,2023-01
1078,192,2023-09-18,Laptop,Electronics,1,226.17,COD,226.17,2023-09
1079,162,2023-05-18,Headphones,Accessories,3,970.23,COD,2910.69,2023-05
1080,117,2023-06-21,Monitor,Electronics,3,894.11,Credit Card,2682.33,2023-06
1081,189,2023-01-13,Monitor,Electronics,2,221.7,COD,443.4,2023-01
1082,143,2023-06-17,Headphones,Accessories,1,357.25,Credit Card,357.25,2023-06
1083,133,2023-05-10,Monitor,Electronics,4,500.95,UPI,2003.8,2023-05
1084,173,2023-03-25,Laptop,Electronics,2,292.05,COD,584.1,2023-03
1085,161,2023-11-17,Laptop,Accessories,4,403.41,UPI,1613.64,2023-11
1086,199,2023-11-15,Headphones,Electronics,4,438.02,PayPal,1752.08,2023-11
1087,113,2023-04-11,Camera,Electronics,1,536.73,UPI,536.73,2023-04
1088,194,2023-11-25,Phone,Electronics,3,1136.62,PayPal,3409.8599999999997,2023-11
1089,147,2023-09-30,Camera,Electronics,1,879.27,UPI,879.27,2023-09
1090,114,2023-09-22,Monitor,Electronics,4,1480.06,Credit Card,5920.24,2023-09
1091,171,2023-02-07,Phone,Accessories,2,651.37,UPI,1302.74,2023-02
1092,177,2023-04-04,Headphones,Accessories,4,1143.1,Credit Card,4572.4,2023-04
1093,186,2023-04-05,Headphones,Accessories,2,1313.63,Credit Card,2627.26,2023-04
1094,161,2023-11-01,Phone,Accessories,2,1034.52,COD,2069.04,2023-11
1095,139,2023-03-10,Laptop,Accessories,1,647.2,Credit Card,647.2,2023-03
1096,184,2023-11-14,Phone,Accessories,4,1142.71,PayPal,4570.84,2023-11
1097,179,2023-08-24,Monitor,Electronics,3,345.32,COD,1035.96,2023-08
1098,181,2023-11-30,Laptop,Accessories,4,524.95,COD,2099.8,2023-11
1099,152,2023-05-17,Headphones,Accessories,4,842.69,UPI,3370.76,2023-05
1100,123,2023-03-17,Phone,Electronics,3,884.34,Credit Card,2653.02,2023-03
1101,125,2023-02-04,Camera,Electronics,1,82.11,Credit Card,82.11,2023-02
1102,188,2023-01-01,Camera,Accessories,4,1420.42,PayPal,5681.68,2023-01
1103,159,2023-10-23,Monitor,Electronics,4,1060.11,UPI,4240.44,2023-10
1104,140,2023-11-16,Camera,Accessories,2,768.77,UPI,1537.54,2023-11
1105,128,2023-03-01,Phone,Electronics,4,1403.03,COD,5612.12,2023-03
1106,114,2023-11-16,Phone,Accessories,3,686.69,COD,2060.07,2023-11
1107,144,2023-12-15,Camera,Electronics,2,1471.63,COD,2943.26,2023-12
1108,164,2023-11-24,Phone,Electronics,1,792.81,PayPal,792.81,2023-11
1109,188,2023-09-24,Monitor,Accessories,2,215.71,PayPal,431.42,2023-09
1110,170,2023-12-27,Laptop,Accessories,3,1158.96,COD,3476.88,2023-12
1111,108,2023-08-17,Monitor,Accessories,3,1034.4,UPI,3103.2000000000003,2023-08
1112,187,2023-09-27,Monitor,Accessories,2,1170.83,PayPal,2341.66,2023-09
1113,100,2023-11-12,Phone,Accessories,1,1429.59,UPI,1429.59,2023-11
1114,107,2023-10-13,Laptop,Electronics,2,1175.91,UPI,2351.82,2023-10
1115,187,2023-10-18,Phone,Accessories,1,936.44,Credit Card,936.44,2023-10
1116,162,2023-08-01,Headphones,Accessories,2,1293.1,COD,2586.2,2023-08
1117,110,2023-06-14,Phone,Electronics,3,1026.21,Credit Card,3078.63,2023-06
1118,180,2023-01-05,Phone,Electronics,4,641.77,COD,2567.08,2023-01
1119,107,2023-12-05,Phone,Accessories,4,1334.15,COD,5336.6,2023-12
1120,134,2023-03-19,Laptop,Electronics,1,371.76,UPI,371.76,2023-03
1121,134,2023-03-03,Phone,Electronics,1,1086.23,COD,1086.23,2023-03
1122,132,2023-05-12,Laptop,Accessories,1,1328.27,UPI,1328.27,2023-05
1123,104,2023-03-30,Camera,Electronics,3,1110.41,UPI,3331.2300000000005,2023-03
1124,140,2023-08-25,Headphones,Electronics,2,1061.05,COD,2122.1,2023-08
1125,127,2023-02-11,Laptop,Accessories,3,1141.33,UPI,3423.99,2023-02
1126,106,2023-03-30,Camera,Accessories,4,724.33,UPI,2897.32,2023-03
1127,172,2023-10-23,Laptop,Electronics,1,1317.55,UPI,1317.55,2023-10
1128,171,2023-11-24,Laptop,Electronics,2,344.98,PayPal,689.96,2023-11
1129,111,2023-10-22,Headphones,Accessories,4,234.71,UPI,938.84,2023-10
1130,133,2023-04-14,Monitor,Electronics,4,463.99,PayPal,1855.96,2023-04
1131,132,2023-01-14,Monitor,Electronics,4,820.79,PayPal,3283.16,2023-01
1132,147,2023-10-15,Laptop,Electronics,3,790.31,UPI,2370.93,2023-10
1133,122,2023-06-28,Phone,Accessories,1,1239.87,UPI,1239.87,2023-06
1134,161,2023-05-05,Camera,Electronics,4,636.62,PayPal,2546.48,2023-05
1135,187,2023-12-19,Phone,Electronics,1,752.3,PayPal,752.3,2023-12
1136,136,2023-01-23,Phone,Accessories,3,69.38,UPI,208.14,2023-01
1137,198,2023-03-04,Laptop,Electronics,4,644.12,UPI,2576.48,2023-03
1138,143,2023-05-23,Laptop,Electronics,3,989.27,COD,2967.81,2023-05
1139,185,2023-06-02,Laptop,Accessories,3,72.49,PayPal,217.46999999999997,2023-06
1140,190,2023-05-25,Laptop,Accessories,1,457.28,PayPal,457.28,2023-05
1141,134,2023-08-13,Monitor,Accessories,4,351.54,COD,1406.16,2023-08
1142,164,2023-11-05,Laptop,Accessories,3,110.88,PayPal,332.64,2023-11
1143,198,2023-04-14,Monitor,Electronics,4,744.93,Credit Card,2979.72,2023-04
1144,146,2023-04-14,Monitor,Electronics,1,313.5,PayPal,313.5,2023-04
1145,177,2023-02-08,Laptop,Accessories,3,1127.47,COD,3382.41,2023-02
1146,102,2023-07-17,Headphones,Accessories,1,1279.5,Credit Card,1279.5,2023-07
1147,100,2023-05-14,Camera,Electronics,4,841.1,UPI,3364.4,2023-05
1148,104,2023-03-08,Phone,Accessories,4,1473.48,COD,5893.92,2023-03
1149,189,2023-06-28,Monitor,Electronics,1,703.19,COD,703.19,2023-06
1150,113,2023-02-11,Camera,Accessories,2,794.38,UPI,1588.76,2023-02
1151,126,2023-01-15,Headphones,Electronics,3,1484.37,COD,4453.11,2023-01
1152,108,2023-04-21,Phone,Accessories,4,385.75,PayPal,1543.0,2023-04
1153,178,2023-06-06,Phone,Accessories,4,1416.69,UPI,5666.76,2023-06
1154,114,2023-10-16,Monitor,Electronics,3,112.11,COD,336.33,2023-10
1155,189,2023-08-19,Laptop,Accessories,1,697.26,UPI,697.26,2023-08
1156,141,2023-06-06,Headphones,Electronics,1,151.51,UPI,151.51,2023-06
1157,176,2023-02-07,Monitor,Electronics,1,1107.39,UPI,1107.39,2023-02
1158,150,2023-04-07,Headphones,Electronics,2,932.19,Credit Card,1864.38,2023-04
1159,162,2023-10-16,Laptop,Electronics,2,1074.62,COD,2149.24,2023-10
1160,195,2023-09-11,Laptop,Electronics,4,593.0,Credit Card,2372.0,2023-09
1161,151,2023-07-15,Monitor,Accessories,1,585.75,COD,585.75,2023-07
1162,195,2023-03-27,Laptop,Accessories,3,115.71,PayPal,347.13,2023-03
1163,103,2023-11-18,Camera,Electronics,4,557.42,PayPal,2229.68,2023-11
1164,193,2023-01-10,Phone,Accessories,3,1397.47,PayPal,4192.41,2023-01
1165,122,2023-01-05,Monitor,Electronics,4,599.88,COD,2399.52,2023-01
1166,114,2023-05-03,Headphones,Accessories,2,1255.48,UPI,2510.96,2023-05
1167,142,2023-11-26,Camera,Accessories,4,1271.37,UPI,5085.48,2023-11
1168,128,2023-12-19,Monitor,Accessories,2,591.2,Credit Card,1182.4,2023-12
1169,135,2023-04-28,Laptop,Accessories,4,966.38,Credit Card,3865.52,2023-04
1170,112,2023-10-21,Laptop,Electronics,1,188.29,PayPal,188.29,2023-10
1171,131,2023-06-08,Laptop,Electronics,3,200.33,Credit Card,600.99,2023-06
1172,170,2023-10-30,Laptop,Accessories,1,120.55,COD,120.55,2023-10
1173,158,2023-08-16,Headphones,Accessories,4,892.47,COD,3569.88,2023-08
1174,185,2023-12-31,Camera,Electronics,4,667.8,Credit Card,2671.2,2023-12
1175,127,2023-08-04,Phone,Accessories,4,844.65,Credit Card,3378.6,2023-08
1176,165,2023-07-03,Headphones,Electronics,2,805.56,Credit Card,1611.12,2023-07
1177,141,2023-01-15,Headphones,Electronics,3,557.79,Credit Card,1673.37,2023-01
1178,144,2023-06-06,Phone,Electronics,3,1032.34,PayPal,3097.0199999999995,2023-06
1179,161,2023-05-16,Phone,Accessories,4,1149.83,PayPal,4599.32,2023-05
1180,156,2023-09-18,Laptop,Electronics,4,71.21,Credit Card,284.84,2023-09
1181,105,2023-06-06,Headphones,Accessories,2,350.5,COD,701.0,2023-06
1182,127,2023-02-16,Monitor,Electronics,1,1084.19,PayPal,1084.19,2023-02
1183,127,2023-11-20,Phone,Accessories,1,610.6,COD,610.6,2023-11
1184,143,2023-11-28,Phone,Accessories,3,1010.6,UPI,3031.8,2023-11
1185,183,2023-06-22,Camera,Accessories,2,553.1,COD,1106.2,2023-06
1186,129,2023-05-10,Monitor,Electronics,4,616.59,Credit Card,2466.36,2023-05
1187,161,2023-04-05,Monitor,Electronics,3,280.08,UPI,840.24,2023-04
1188,174,2023-04-25,Phone,Accessories,2,424.43,PayPal,848.86,2023-04
1189,191,2023-08-31,Laptop,Accessories,1,927.85,PayPal,927.85,2023-08
1190,188,2023-10-19,Camera,Accessories,2,678.09,UPI,1356.18,2023-10
1191,161,2023-10-09,Monitor,Electronics,1,1172.74,COD,1172.74,2023-10
1192,196,2023-10-26,Phone,Electronics,2,1286.25,PayPal,2572.5,2023-10
1193,100,2023-10-10,Monitor,Electronics,3,835.39,Credit Card,2506.17,2023-10
1194,126,2023-03-10,Camera,Electronics,1,1149.49,UPI,1149.49,2023-03
1195,161,2023-05-28,Camera,Accessories,3,495.01,Credit Card,1485.03,2023-05
1196,176,2023-01-11,Headphones,Accessories,3,651.71,UPI,1955.13,2023-01
1197,102,2023-09-11,Phone,Electronics,1,1083.53,PayPal,1083.53,2023-09
1198,169,2023-11-26,Camera,Electronics,1,610.01,COD,610.01,2023-11
1199,171,2023-12-26,Headphones,Accessories,4,903.33,UPI,3613.32,2023-12
1200,126,2023-02-07,Headphones,Electronics,4,318.79,UPI,1275.16,2023-02
1201,108,2023-05-14,Monitor,Electronics,4,919.67,Credit Card,3678.68,2023-05
1202,161,2023-07-19,Monitor,Electronics,3,1299.19,PayPal,3897.57,2023-07
1203,136,2023-01-23,Headphones,Electronics,3,1309.53,Credit Card,3928.59,2023-01
1204,196,2023-10-30,Monitor,Electronics,4,1100.3,PayPal,4401.2,2023-10
1205,150,2023-12-12,Camera,Electronics,3,1131.34,Credit Card,3394.0199999999995,2023-12
1206,143,2023-10-29,Laptop,Accessories,3,858.99,UPI,2576.9700000000003,2023-10
1207,123,2023-12-29,Camera,Electronics,1,897.77,Credit Card,897.77,2023-12
1208,178,2023-08-06,Headphones,Electronics,1,243.79,COD,243.79,2023-08
1209,158,2023-05-21,Headphones,Accessories,3,693.6,PayPal,2080.8,2023-05
1210,131,2023-04-14,Camera,Accessories,4,703.63,PayPal,2814.52,2023-04
1211,195,2023-07-29,Monitor,Accessories,2,1439.82,UPI,2879.64,2023-07
1212,187,2023-04-21,Monitor,Electronics,4,675.08,PayPal,2700.32,2023-04
1213,151,2023-04-14,Headphones,Accessories,2,846.55,COD,1693.1,2023-04
1214,161,2023-11-12,Phone,Electronics,4,823.21,Credit Card,3292.84,2023-11
1215,157,2023-06-20,Monitor,Electronics,1,973.3,UPI,973.3,2023-06
1216,151,2023-12-22,Camera,Electronics,3,1134.94,COD,3404.82,2023-12
1217,111,2023-11-20,Monitor,Accessories,3,376.31,PayPal,1128.93,2023-11
1218,138,2023-05-13,Camera,Accessories,1,816.65,PayPal,816.65,2023-05
1219,101,2023-10-20,Headphones,Accessories,2,1247.58,COD,2495.16,2023-10
1220,102,2023-11-24,Monitor,Accessories,2,721.52,Credit Card,1443.04,2023-11
1221,155,2023-05-07,Camera,Accessories,2,453.76,Credit Card,907.52,2023-05
1222,180,2023-04-16,Headphones,Electronics,1,999.33,UPI,999.33,2023-04
1223,158,2023-04-02,Phone,Electronics,2,1244.46,PayPal,2488.92,2023-04
1224,101,2023-10-14,Camera,Electronics,1,141.55,COD,141.55,2023-10
1225,101,2023-02-20,Phone,Electronics,4,1176.35,Credit Card,4705.4,2023-02
1226,191,2023-01-29,Phone,Accessories,4,1241.39,UPI,4965.56,2023-01
1227,153,2023-10-23,Laptop,Accessories,1,719.21,PayPal,719.21,2023-10
1228,186,2023-10-24,Monitor,Electronics,3,1475.79,PayPal,4427.37,2023-10
1229,195,2023-08-02,Camera,Accessories,4,1190.73,UPI,4762.92,2023-08
1230,196,2023-09-24,Phone,Accessories,2,1171.81,UPI,2343.62,2023-09
1231,100,2023-09-14,Laptop,Electronics,1,1134.37,Credit Card,1134.37,2023-09
1232,118,2023-10-29,Headphones,Electronics,2,268.38,COD,536.76,2023-10
1233,101,2023-04-11,Camera,Accessories,2,364.98,PayPal,729.96,2023-04
1234,152,2023-12-12,Phone,Accessories,3,722.79,COD,2168.37,2023-12
1235,143,2023-04-20,Monitor,Electronics,2,432.81,PayPal,865.62,2023-04
1236,189,2023-07-01,Laptop,Electronics,3,652.1,PayPal,1956.3,2023-07
1237,131,2023-11-09,Phone,Electronics,4,1338.27,COD,5353.08,2023-11
1238,169,2023-01-01,Monitor,Accessories,1,1245.27,UPI,1245.27,2023-01
1239,131,2023-11-15,Phone,Electronics,2,963.56,Credit Card,1927.12,2023-11
1240,167,2023-02-24,Camera,Electronics,1,1294.27,PayPal,1294.27,2023-02
1241,154,2023-05-29,Camera,Accessories,2,1186.47,UPI,2372.94,2023-05
1242,174,2023-11-05,Camera,Accessories,1,672.03,PayPal,672.03,2023-11
1243,155,2023-05-17,Laptop,Accessories,2,341.54,Credit Card,683.08,2023-05
1244,116,2023-07-21,Camera,Accessories,2,795.59,PayPal,1591.18,2023-07
1245,137,2023-11-09,Monitor,Accessories,2,1117.53,Credit Card,2235.06,2023-11
1246,123,2023-04-27,Phone,Electronics,2,682.81,Credit Card,1365.62,2023-04
1247,168,2023-06-03,Headphones,Electronics,2,1016.82,PayPal,2033.64,2023-06
1248,197,2023-10-18,Monitor,Accessories,2,186.77,PayPal,373.54,2023-10
1249,169,2023-03-04,Monitor,Accessories,2,1134.61,Credit Card,2269.22,2023-03
1250,185,2023-09-01,Camera,Accessories,2,1228.43,UPI,2456.86,2023-09
1251,110,2023-01-25,Laptop,Accessories,2,1074.91,COD,2149.82,2023-01
1252,115,2023-03-31,Phone,Accessories,1,1452.53,Credit Card,1452.53,2023-03
1253,196,2023-03-16,Laptop,Electronics,3,1248.65,PayPal,3745.95,2023-03
1254,172,2023-10-21,Phone,Electronics,2,1359.49,PayPal,2718.98,2023-10
1255,158,2023-07-29,Phone,Electronics,3,1403.68,UPI,4211.04,2023-07
1256,169,2023-12-13,Laptop,Electronics,2,1211.95,COD,2423.9,2023-12
1257,179,2023-01-17,Monitor,Accessories,2,1027.68,Credit Card,2055.36,2023-01
1258,192,2023-05-08,Phone,Electronics,1,58.29,Credit Card,58.29,2023-05
1259,102,2023-12-30,Laptop,Accessories,4,725.45,COD,2901.8,2023-12
1260,119,2023-09-08,Phone,Accessories,4,878.19,Credit Card,3512.76,2023-09
1261,158,2023-06-28,Headphones,Accessories,1,490.84,COD,490.84,2023-06
1262,135,2023-07-01,Monitor,Electronics,3,511.25,PayPal,1533.75,2023-07
1263,118,2023-06-01,Camera,Accessories,4,1443.68,COD,5774.72,2023-06
1264,189,2023-01-25,Phone,Electronics,1,1342.98,Credit Card,1342.98,2023-01
1265,166,2023-06-29,Headphones,Electronics,1,1281.31,COD,1281.31,2023-06
1266,118,2023-07-17,Camera,Accessories,4,638.72,UPI,2554.88,2023-07
1267,119,2023-12-10,Camera,Accessories,3,69.86,PayPal,209.58,2023-12
1268,195,2023-06-10,Phone,Accessories,1,166.32,PayPal,166.32,2023-06
1269,170,2023-06-26,Laptop,Electronics,2,502.68,COD,1005.36,2023-06
1270,151,2023-10-12,Phone,Accessories,3,72.83,Credit Card,218.49,2023-10
1271,132,2023-03-04,Headphones,Electronics,3,74.87,UPI,224.61,2023-03
1272,139,2023-05-30,Camera,Accessories,4,1379.07,PayPal,5516.28,2023-05
1273,138,2023-06-03,Phone,Accessories,4,1073.93,PayPal,4295.72,2023-06
1274,181,2023-06-05,Laptop,Electronics,2,497.99,Credit Card,995.98,2023-06
1275,100,2023-02-18,Phone,Electronics,1,242.33,Credit Card,242.33,2023-02
1276,110,2023-12-03,Monitor,Electronics,4,791.87,UPI,3167.48,2023-12
1277,191,2023-03-25,Laptop,Electronics,4,57.75,COD,231.0,2023-03
1278,156,2023-12-27,Headphones,Electronics,3,1410.7,Credit Card,4232.1,2023-12
1279,188,2023-06-26,Camera,Electronics,4,651.48,COD,2605.92,2023-06
1280,149,2023-05-28,Phone,Accessories,4,633.39,UPI,2533.56,2023-05
1281,122,2023-04-28,Laptop,Accessories,4,616.36,COD,2465.44,2023-04
1282,130,2023-12-08,Monitor,Electronics,4,150.53,PayPal,602.12,2023-12
1283,193,2023-03-04,Laptop,Accessories,3,975.57,COD,2926.71,2023-03
1284,141,2023-07-08,Monitor,Electronics,2,1112.86,UPI,2225.72,2023-07
1285,198,2023-12-26,Headphones,Accessories,2,1030.38,UPI,2060.76,2023-12
1286,106,2023-02-18,Camera,Accessories,1,250.73,UPI,250.73,2023-02
1287,115,2023-11-23,Headphones,Electronics,4,889.32,COD,3557.28,2023-11
1288,189,2023-09-14,Phone,Electronics,3,875.75,PayPal,2627.25,2023-09
1289,159,2023-08-12,Laptop,Electronics,1,1309.2,Credit Card,1309.2,2023-08
1290,101,2023-05-21,Monitor,Accessories,1,599.74,PayPal,599.74,2023-05
1291,100,2023-08-03,Monitor,Electronics,2,588.65,COD,1177.3,2023-08
1292,147,2023-07-30,Laptop,Accessories,3,946.86,COD,2840.58,2023-07
1293,111,2023-11-14,Laptop,Electronics,3,967.96,Credit Card,2903.88,2023-11
1294,168,2023-02-01,Phone,Accessories,3,730.46,COD,2191.38,2023-02
1295,136,2023-06-07,Headphones,Accessories,2,692.44,UPI,1384.88,2023-06
1296,131,2023-10-12,Monitor,Electronics,2,766.51,UPI,1533.02,2023-10
1297,108,2023-11-01,Phone,Accessories,2,1298.52,UPI,2597.04,2023-11
1298,198,2023-10-13,Headphones,Accessories,2,718.69,UPI,1437.38,2023-10
1299,118,2023-05-24,Phone,Electronics,2,1412.9,UPI,2825.8,2023-05
1300,147,2023-01-19,Monitor,Accessories,4,780.81,COD,3123.24,2023-01
1301,179,2023-01-18,Laptop,Electronics,4,1426.34,Credit Card,5705.36,2023-01
1302,102,2023-09-14,Laptop,Electronics,3,1257.61,Credit Card,3772.83,2023-09
1303,119,2023-03-19,Headphones,Electronics,1,575.53,UPI,575.53,2023-03
1304,123,2023-06-24,Camera,Electronics,3,1302.28,COD,3906.84,2023-06
1305,153,2023-07-13,Headphones,Accessories,1,209.59,PayPal,209.59,2023-07
1306,132,2023-04-23,Camera,Accessories,2,1391.32,PayPal,2782.64,2023-04
1307,123,2023-04-24,Phone,Accessories,1,965.88,COD,965.88,2023-04
1308,174,2023-08-10,Phone,Electronics,3,128.87,UPI,386.61,2023-08
1309,171,2023-06-15,Monitor,Accessories,3,984.17,Credit Card,2952.51,2023-06
1310,135,2023-11-15,Camera,Accessories,1,1462.66,COD,1462.66,2023-11
1311,137,2023-05-12,Monitor,Electronics,4,151.21,PayPal,604.84,2023-05
1312,183,2023-09-21,Laptop,Electronics,2,854.3,PayPal,1708.6,2023-09
1313,198,2023-02-24,Camera,Accessories,2,1134.3,PayPal,2268.6,2023-02
1314,188,2023-12-25,Headphones,Electronics,3,1224.87,UPI,3674.61,2023-12
1315,198,2023-05-11,Laptop,Electronics,4,650.05,PayPal,2600.2,2023-05
1316,124,2023-10-15,Laptop,Electronics,1,346.04,COD,346.04,2023-10
1317,192,2023-09-23,Headphones,Electronics,2,111.4,COD,222.8,2023-09
1318,117,2023-06-11,Laptop,Accessories,4,890.6,PayPal,3562.4,2023-06
1319,181,2023-03-28,Camera,Electronics,2,706.72,COD,1413.44,2023-03
1320,165,2023-02-24,Monitor,Electronics,4,1425.68,PayPal,5702.72,2023-02
1321,153,2023-10-15,Laptop,Electronics,4,137.88,PayPal,551.52,2023-10
1322,134,2023-06-27,Camera,Electronics,3,1043.82,Credit Card,3131.46,2023-06
1323,179,2023-12-15,Phone,Electronics,2,86.2,UPI,172.4,2023-12
1324,160,2023-01-08,Camera,Electronics,1,298.58,UPI,298.58,2023-01
1325,140,2023-11-17,Monitor,Electronics,3,707.69,Credit Card,2123.07,2023-11
1326,199,2023-11-09,Camera,Electronics,3,709.57,Credit Card,2128.71,2023-11
1327,132,2023-09-04,Headphones,Accessories,1,1044.27,UPI,1044.27,2023-09
1328,167,2023-11-19,Monitor,Electronics,3,1369.81,PayPal,4109.43,2023-11
1329,132,2023-09-12,Phone,Accessories,4,976.6,PayPal,3906.4,2023-09
1330,113,2023-11-24,Headphones,Electronics,4,1432.63,UPI,5730.52,2023-11
1331,120,2023-02-23,Camera,Electronics,2,1328.34,PayPal,2656.68,2023-02
1332,147,2023-09-06,Monitor,Electronics,2,897.52,Credit Card,1795.04,2023-09
1333,119,2023-08-27,Phone,Electronics,1,1259.0,PayPal,1259.0,2023-08
1334,107,2023-08-17,Headphones,Accessories,2,981.74,PayPal,1963.48,2023-08
1335,106,2023-03-08,Phone,Electronics,4,163.91,COD,655.64,2023-03
1336,166,2023-02-20,Camera,Electronics,1,1123.82,COD,1123.82,2023-02
1337,116,2023-04-07,Phone,Accessories,1,187.62,COD,187.62,2023-04
1338,132,2023-04-02,Laptop,Accessories,2,911.42,PayPal,1822.84,2023-04
1339,147,2023-09-21,Headphones,Electronics,4,1068.83,UPI,4275.32,2023-09
1340,175,2023-10-18,Phone,Accessories,1,146.47,Credit Card,146.47,2023-10
1341,158,2023-04-06,Camera,Accessories,4,384.65,PayPal,1538.6,2023-04
1342,185,2023-03-29,Camera,Accessories,4,1377.72,UPI,5510.88,2023-03
1343,121,2023-03-19,Phone,Electronics,4,943.66,PayPal,3774.64,2023-03
1344,129,2023-10-15,Camera,Electronics,2,407.11,Credit Card,814.22,2023-10
1345,137,2023-04-30,Monitor,Electronics,3,1051.49,PayPal,3154.4700000000003,2023-04
1346,150,2023-10-29,Monitor,Accessories,3,915.33,Credit Card,2745.99,2023-10
1347,153,2023-06-14,Monitor,Electronics,1,777.28,PayPal,777.28,2023-06
1348,107,2023-07-01,Laptop,Accessories,4,1465.47,Credit Card,5861.88,2023-07
1349,126,2023-08-11,Phone,Electronics,2,1041.01,PayPal,2082.02,2023-08
1350,126,2023-11-07,Laptop,Electronics,4,594.39,Credit Card,2377.56,2023-11
1351,197,2023-01-07,Camera,Accessories,4,1210.11,COD,4840.44,2023-01
1352,120,2023-11-26,Laptop,Electronics,2,1332.65,PayPal,2665.3,2023-11
1353,129,2023-09-20,Camera,Accessories,3,231.57,PayPal,694.71,2023-09
1354,196,2023-06-10,Camera,Accessories,4,340.8,UPI,1363.2,2023-06
1355,127,2023-05-31,Headphones,Electronics,4,363.53,UPI,1454.12,2023-05
1356,163,2023-03-26,Monitor,Accessories,3,1052.26,Credit Card,3156.7799999999997,2023-03
1357,196,2023-05-27,Camera,Electronics,2,924.41,PayPal,1848.82,2023-05
1358,168,2023-04-22,Headphones,Electronics,1,947.54,Credit Card,947.54,2023-04
1359,160,2023-02-05,Monitor,Accessories,3,1414.12,COD,4242.36,2023-02
1360,147,2023-10-12,Camera,Electronics,1,1175.07,UPI,1175.07,2023-10
1361,118,2023-07-07,Camera,Accessories,1,235.51,Credit Card,235.51,2023-07
1362,103,2023-03-23,Laptop,Electronics,3,553.89,Credit Card,1661.67,2023-03
1363,134,2023-01-02,Laptop,Electronics,4,681.32,UPI,2725.28,2023-01
1364,163,2023-10-30,Monitor,Electronics,1,624.14,PayPal,624.14,2023-10
1365,148,2023-07-16,Camera,Electronics,1,1020.5,Credit Card,1020.5,2023-07
1366,116,2023-01-11,Phone,Electronics,2,1343.24,UPI,2686.48,2023-01
1367,143,2023-08-22,Laptop,Accessories,4,493.77,PayPal,1975.08,2023-08
1368,191,2023-07-14,Monitor,Accessories,1,850.22,COD,850.22,2023-07
1369,129,2023-04-29,Camera,Accessories,2,1194.64,UPI,2389.28,2023-04
1370,192,2023-01-20,Camera,Accessories,4,653.52,Credit Card,2614.08,2023-01
1371,145,2023-09-18,Phone,Accessories,3,293.77,COD,881.31,2023-09
1372,105,2023-10-20,Monitor,Accessories,3,738.68,PayPal,2216.04,2023-10
1373,198,2023-09-13,Camera,Electronics,2,130.07,PayPal,260.14,2023-09
1374,136,2023-08-10,Laptop,Electronics,3,1416.46,UPI,4249.38,2023-08
1375,123,2023-08-14,Phone,Accessories,1,158.49,UPI,158.49,2023-08
1376,192,2023-02-22,Monitor,Accessories,4,685.76,UPI,2743.04,2023-02
1377,145,2023-12-21,Phone,Electronics,1,818.33,PayPal,818.33,2023-12
1378,152,2023-12-08,Laptop,Electronics,1,1478.69,COD,1478.69,2023-12
1379,194,2023-12-30,Monitor,Electronics,3,290.73,PayPal,872.19,2023-12
1380,198,2023-10-07,Phone,Accessories,1,215.93,Credit Card,215.93,2023-10
1381,159,2023-03-22,Headphones,Accessories,3,62.62,PayPal,187.86,2023-03
1382,196,2023-07-21,Laptop,Accessories,4,275.58,Credit Card,1102.32,2023-07
1383,162,2023-06-07,Laptop,Electronics,4,350.55,COD,1402.2,2023-06
1384,184,2023-04-30,Laptop,Electronics,1,964.34,UPI,964.34,2023-04
1385,131,2023-02-28,Headphones,Accessories,2,368.57,UPI,737.14,2023-02
1386,186,2023-08-03,Headphones,Accessories,3,79.76,PayPal,239.28000000000003,2023-08
1387,132,2023-05-08,Camera,Electronics,3,1248.6,UPI,3745.8,2023-05
1388,166,2023-08-12,Phone,Electronics,1,580.11,COD,580.11,2023-08
1389,117,2023-07-28,Camera,Electronics,3,562.86,UPI,1688.58,2023-07
1390,124,2023-04-25,Phone,Electronics,3,488.59,PayPal,1465.77,2023-04
1391,194,2023-07-28,Headphones,Accessories,2,1464.29,COD,2928.58,2023-07
1392,153,2023-01-14,Headphones,Electronics,2,296.67,Credit Card,593.34,2023-01
1393,157,2023-01-09,Camera,Electronics,1,1352.45,PayPal,1352.45,2023-01
1394,166,2023-02-09,Monitor,Electronics,2,1176.36,Credit Card,2352.72,2023-02
1395,145,2023-08-25,Camera,Accessories,1,160.9,COD,160.9,2023-08
1396,123,2023-10-08,Phone,Accessories,4,1480.76,PayPal,5923.04,2023-10
1397,131,2023-12-25,Camera,Electronics,1,443.48,PayPal,443.48,2023-12
1398,146,2023-07-20,Laptop,Electronics,4,192.95,COD,771.8,2023-07
1399,185,2023-09-03,Phone,Electronics,1,1252.51,UPI,1252.51,2023-09
1400,122,2023-10-05,Phone,Accessories,3,1074.68,PayPal,3224.04,2023-10
1401,165,2023-08-23,Monitor,Accessories,2,944.97,PayPal,1889.94,2023-08
1402,126,2023-01-04,Headphones,Accessories,4,276.17,Credit Card,1104.68,2023-01
1403,101,2023-06-03,Phone,Electronics,1,743.82,UPI,743.82,2023-06
1404,189,2023-01-29,Headphones,Accessories,2,1181.81,Credit Card,2363.62,2023-01
1405,116,2023-04-19,Camera,Electronics,1,490.25,Credit Card,490.25,2023-04
1406,132,2023-04-08,Laptop,Electronics,2,501.95,UPI,1003.9,2023-04
1407,108,2023-08-03,Monitor,Electronics,2,54.55,UPI,109.1,2023-08
1408,142,2023-10-20,Headphones,Accessories,1,302.65,COD,302.65,2023-10
1409,147,2023-03-16,Phone,Electronics,4,1319.34,UPI,5277.36,2023-03
1410,138,2023-11-22,Headphones,Accessories,4,690.53,PayPal,2762.12,2023-11
1411,192,2023-05-26,Phone,Accessories,3,1477.14,UPI,4431.42,2023-05
1412,141,2023-05-08,Headphones,Electronics,2,623.78,COD,1247.56,2023-05
1413,125,2023-12-07,Phone,Electronics,3,1087.02,COD,3261.06,2023-12
1414,198,2023-02-11,Camera,Accessories,3,458.78,COD,1376.34,2023-02
1415,149,2023-12-22,Phone,Electronics,1,577.52,UPI,577.52,2023-12
1416,124,2023-02-10,Phone,Accessories,1,326.55,UPI,326.55,2023-02
1417,123,2023-02-03,Laptop,Electronics,1,553.24,Credit Card,553.24,2023-02
1418,112,2023-01-17,Phone,Accessories,2,843.49,Credit Card,1686.98,2023-01
1419,159,2023-06-14,Laptop,Accessories,1,1488.07,PayPal,1488.07,2023-06
1420,106,2023-06-02,Monitor,Accessories,1,1013.09,Credit Card,1013.09,2023-06
1421,156,2023-03-17,Laptop,Accessories,2,338.91,PayPal,677.82,2023-03
1422,135,2023-03-28,Camera,Electronics,2,115.19,COD,230.38,2023-03
1423,144,2023-04-27,Laptop,Electronics,4,233.22,Credit Card,932.88,2023-04
1424,119,2023-12-28,Monitor,Accessories,1,865.71,UPI,865.71,2023-12
1425,164,2023-12-08,Camera,Accessories,1,1159.48,Credit Card,1159.48,2023-12
1426,107,2023-01-27,Headphones,Electronics,1,1413.61,PayPal,1413.61,2023-01
1427,115,2023-11-09,Headphones,Electronics,4,72.94,Credit Card,291.76,2023-11
1428,113,2023-10-14,Laptop,Electronics,1,808.0,COD,808.0,2023-10
1429,175,2023-05-14,Laptop,Electronics,4,732.76,UPI,2931.04,2023-05
1430,186,2023-08-07,Monitor,Electronics,3,1001.28,PayPal,3003.84,2023-08
1431,114,2023-06-17,Monitor,Electronics,4,861.39,UPI,3445.56,2023-06
1432,191,2023-04-08,Phone,Accessories,3,1046.21,UPI,3138.63,2023-04
1433,197,2023-09-25,Monitor,Electronics,1,1004.22,PayPal,1004.22,2023-09
1434,165,2023-08-25,Phone,Electronics,3,219.67,UPI,659.01,2023-08
1435,131,2023-11-05,Camera,Accessories,4,1209.59,UPI,4838.36,2023-11
1436,186,2023-06-22,Laptop,Electronics,2,228.69,Credit Card,457.38,2023-06
1437,162,2023-07-09,Camera,Electronics,3,1062.87,UPI,3188.6099999999997,2023-07
1438,185,2023-05-02,Monitor,Electronics,3,653.41,UPI,1960.23,2023-05
1439,150,2023-02-15,Camera,Electronics,1,795.08,UPI,795.08,2023-02
1440,124,2023-03-05,Camera,Electronics,4,1359.78,UPI,5439.12,2023-03
1441,157,2023-05-10,Camera,Accessories,3,1340.33,PayPal,4020.99,2023-05
1442,162,2023-11-06,Monitor,Electronics,3,1235.89,COD,3707.67,2023-11
1443,161,2023-12-29,Camera,Accessories,3,789.72,Credit Card,2369.16,2023-12
1444,121,2023-07-12,Phone,Accessories,3,1117.55,UPI,3352.6499999999996,2023-07
1445,157,2023-11-03,Monitor,Electronics,2,793.7,UPI,1587.4,2023-11
1446,157,2023-06-30,Camera,Accessories,4,1310.93,PayPal,5243.72,2023-06
1447,185,2023-10-19,Monitor,Electronics,1,634.02,COD,634.02,2023-10
1448,148,2023-10-09,Headphones,Accessories,1,1456.84,UPI,1456.84,2023-10
1449,151,2023-01-29,Phone,Accessories,2,1401.87,PayPal,2803.74,2023-01
1450,141,2023-05-29,Camera,Electronics,4,1125.32,Credit Card,4501.28,2023-05
1451,169,2023-09-24,Headphones,Electronics,3,455.15,Credit Card,1365.4499999999998,2023-09
1452,114,2023-10-23,Headphones,Electronics,2,240.9,UPI,481.8,2023-10
1453,153,2023-01-11,Monitor,Electronics,4,1289.32,UPI,5157.28,2023-01
1454,159,2023-06-13,Headphones,Electronics,3,289.69,COD,869.0699999999999,2023-06
1455,196,2023-04-23,Phone,Accessories,2,1288.68,COD,2577.36,2023-04
1456,107,2023-07-06,Phone,Accessories,4,761.61,UPI,3046.44,2023-07
1457,152,2023-10-22,Laptop,Accessories,1,639.51,PayPal,639.51,2023-10
1458,159,2023-08-20,Phone,Accessories,1,1359.63,COD,1359.63,2023-08
1459,104,2023-08-15,Headphones,Accessories,4,925.58,UPI,3702.32,2023-08
1460,167,2023-11-06,Phone,Accessories,1,886.09,COD,886.09,2023-11
1461,105,2023-04-08,Monitor,Accessories,4,860.21,UPI,3440.84,2023-04
1462,195,2023-02-24,Laptop,Electronics,3,588.2,Credit Card,1764.6,2023-02
1463,193,2023-04-21,Headphones,Electronics,4,1189.18,UPI,4756.72,2023-04
1464,146,2023-06-01,Laptop,Accessories,3,416.56,Credit Card,1249.68,2023-06
1465,198,2023-09-03,Headphones,Accessories,2,1411.4,COD,2822.8,2023-09
1466,154,2023-03-10,Monitor,Electronics,4,1346.28,UPI,5385.12,2023-03
1467,139,2023-11-08,Laptop,Electronics,2,539.35,COD,1078.7,2023-11
1468,151,2023-10-16,Camera,Electronics,1,1107.72,Credit Card,1107.72,2023-10
1469,115,2023-09-07,Headphones,Electronics,3,881.17,UPI,2643.51,2023-09
1470,112,2023-02-05,Camera,Accessories,4,539.59,COD,2158.36,2023-02
1471,129,2023-08-27,Laptop,Electronics,2,1483.36,Credit Card,2966.72,2023-08
1472,118,2023-05-28,Camera,Accessories,3,86.59,COD,259.77,2023-05
1473,116,2023-08-15,Camera,Accessories,3,416.34,PayPal,1249.02,2023-08
1474,162,2023-09-01,Laptop,Accessories,1,804.11,Credit Card,804.11,2023-09
1475,118,2023-12-03,Monitor,Electronics,1,806.83,Credit Card,806.83,2023-12
1476,191,2023-12-31,Camera,Electronics,3,903.95,Credit Card,2711.8500000000004,2023-12
1477,157,2023-07-20,Camera,Accessories,3,1139.93,UPI,3419.79,2023-07
1478,154,2023-06-03,Monitor,Accessories,4,954.04,UPI,3816.16,2023-06
1479,189,2023-03-14,Camera,Accessories,3,920.41,UPI,2761.23,2023-03
1480,189,2023-07-20,Camera,Electronics,4,127.6,PayPal,510.4,2023-07
1481,161,2023-10-23,Camera,Accessories,3,595.97,PayPal,1787.91,2023-10
1482,122,2023-01-17,Phone,Electronics,1,386.48,Credit Card,386.48,2023-01
1483,108,2023-05-09,Monitor,Accessories,4,434.79,PayPal,1739.16,2023-05
1484,111,2023-08-05,Camera,Accessories,2,853.79,COD,1707.58,2023-08
1485,100,2023-03-02,Monitor,Accessories,1,339.28,Credit Card,339.28,2023-03
1486,157,2023-04-14,Headphones,Electronics,4,476.23,Credit Card,1904.92,2023-04
1487,100,2023-02-11,Headphones,Electronics,4,393.77,COD,1575.08,2023-02
1488,133,2023-01-25,Camera,Accessories,2,1425.33,Credit Card,2850.66,2023-01
1489,195,2023-02-08,Monitor,Electronics,4,1419.77,PayPal,5679.08,2023-02
1490,147,2023-10-18,Monitor,Accessories,3,934.42,UPI,2803.26,2023-10
1491,188,2023-05-11,Monitor,Electronics,2,1390.56,COD,2781.12,2023-05
1492,100,2023-08-17,Phone,Electronics,1,1189.43,PayPal,1189.43,2023-08
1493,115,2023-04-18,Headphones,Electronics,1,905.42,COD,905.42,2023-04
1494,160,2023-06-21,Monitor,Accessories,3,59.33,COD,177.99,2023-06
1495,163,2023-04-12,Monitor,Electronics,1,1170.15,Credit Card,1170.15,2023-04
1496,162,2023-12-20,Phone,Electronics,4,1068.61,Credit Card,4274.44,2023-12
1497,168,2023-01-12,Phone,Accessories,4,942.12,PayPal,3768.48,2023-01
1498,121,2023-10-02,Monitor,Accessories,3,1152.62,COD,3457.8599999999997,2023-10
1499,192,2023-04-11,Laptop,Accessories,1,793.74,Credit Card,793.74,2023-04
1500,166,2023-02-13,Monitor,Accessories,1,1070.92,Credit Card,1070.92,2023-02
1501,175,2023-11-01,Monitor,Electronics,3,1406.0,COD,4218.0,2023-11
1502,125,2023-01-17,Phone,Electronics,2,594.92,PayPal,1189.84,2023-01
1503,115,2023-11-26,Phone,Electronics,1,1076.78,PayPal,1076.78,2023-11
1504,150,2023-02-26,Monitor,Electronics,2,739.75,COD,1479.5,2023-02
1505,185,2023-11-07,Monitor,Electronics,1,1027.88,PayPal,1027.88,2023-11
1506,156,2023-10-30,Monitor,Accessories,1,1156.2,Credit Card,1156.2,2023-10
1507,128,2023-01-12,Phone,Electronics,1,115.91,COD,115.91,2023-01
1508,177,2023-11-14,Monitor,Electronics,1,987.57,Credit Card,987.57,2023-11
1509,191,2023-03-21,Monitor,Electronics,4,378.77,UPI,1515.08,2023-03
1510,168,2023-08-04,Camera,Accessories,2,1021.55,UPI,2043.1,2023-08
1511,146,2023-12-05,Laptop,Accessories,2,729.08,PayPal,1458.16,2023-12
1512,193,2023-09-21,Headphones,Electronics,1,1171.65,UPI,1171.65,2023-09
1513,161,2023-05-29,Laptop,Accessories,1,228.93,Credit Card,228.93,2023-05
1514,168,2023-03-22,Camera,Accessories,2,958.17,UPI,1916.34,2023-03
1515,175,2023-08-03,Headphones,Accessories,4,453.78,Credit Card,1815.12,2023-08
1516,115,2023-07-17,Monitor,Accessories,3,1286.82,PayPal,3860.46,2023-07
1517,189,2023-07-19,Camera,Accessories,3,1396.16,PayPal,4188.4800000000005,2023-07
1518,189,2023-01-25,Monitor,Accessories,2,1494.78,Credit Card,2989.56,2023-01
1519,147,2023-03-30,Phone,Accessories,1,1204.21,UPI,1204.21,2023-03
1520,184,2023-09-25,Camera,Electronics,1,1142.91,PayPal,1142.91,2023-09
1521,138,2023-05-23,Phone,Electronics,4,362.48,COD,1449.92,2023-05
1522,199,2023-02-28,Camera,Accessories,3,537.21,PayPal,1611.63,2023-02
1523,132,2023-12-31,Camera,Electronics,4,725.24,UPI,2900.96,2023-12
1524,193,2023-01-26,Phone,Electronics,3,1171.4,COD,3514.2000000000003,2023-01
1525,122,2023-02-16,Headphones,Accessories,2,1376.7,UPI,2753.4,2023-02
1526,109,2023-10-15,Laptop,Electronics,3,324.25,Credit Card,972.75,2023-10
1527,168,2023-09-23,Monitor,Accessories,4,1387.43,COD,5549.72,2023-09
1528,199,2023-01-16,Camera,Accessories,4,1058.66,UPI,4234.64,2023-01
1529,133,2023-07-18,Monitor,Accessories,4,935.62,COD,3742.48,2023-07
1530,151,2023-10-09,Phone,Electronics,2,339.77,UPI,679.54,2023-10
1531,194,2023-03-27,Monitor,Electronics,3,130.51,COD,391.53,2023-03
1532,109,2023-09-07,Phone,Electronics,3,874.27,UPI,2622.81,2023-09
1533,118,2023-09-27,Monitor,Electronics,4,994.7,Credit Card,3978.8,2023-09
1534,157,2023-12-01,Laptop,Accessories,3,355.63,COD,1066.89,2023-12
1535,195,2023-04-27,Laptop,Accessories,1,856.86,COD,856.86,2023-04
1536,100,2023-01-07,Laptop,Electronics,1,1291.92,COD,1291.92,2023-01
1537,168,2023-05-17,Laptop,Accessories,1,1260.85,COD,1260.85,2023-05
1538,103,2023-06-25,Laptop,Accessories,3,1394.67,Credit Card,4184.01,2023-06
1539,115,2023-11-24,Laptop,Electronics,2,580.53,COD,1161.06,2023-11
1540,123,2023-11-11,Phone,Accessories,2,511.17,PayPal,1022.34,2023-11
1541,179,2023-08-03,Camera,Electronics,2,1136.67,Credit Card,2273.34,2023-08
1542,101,2023-03-23,Monitor,Accessories,2,675.11,PayPal,1350.22,2023-03
1543,191,2023-08-11,Laptop,Electronics,1,176.95,COD,176.95,2023-08
1544,131,2023-04-13,Phone,Accessories,1,460.06,UPI,460.06,2023-04
1545,190,2023-09-30,Phone,Accessories,4,656.94,PayPal,2627.76,2023-09
1546,183,2023-01-14,Phone,Electronics,3,474.15,COD,1422.4499999999998,2023-01
1547,123,2023-06-08,Camera,Electronics,3,531.7,PayPal,1595.1,2023-06
1548,111,2023-06-01,Monitor,Electronics,2,475.98,COD,951.96,2023-06
1549,149,2023-04-18,Camera,Electronics,1,110.17,COD,110.17,2023-04
1550,134,2023-07-07,Headphones,Accessories,2,973.79,COD,1947.58,2023-07
1551,132,2023-10-28,Phone,Accessories,4,916.07,UPI,3664.28,2023-10
1552,132,2023-04-08,Headphones,Electronics,3,997.41,PayPal,2992.23,2023-04
1553,160,2023-05-11,Laptop,Accessories,3,328.85,Credit Card,986.55,2023-05
1554,150,2023-10-20,Laptop,Electronics,2,478.7,Credit Card,957.4,2023-10
1555,142,2023-06-20,Camera,Electronics,4,948.44,Credit Card,3793.76,2023-06
1556,111,2023-07-02,Monitor,Accessories,3,919.46,Credit Card,2758.38,2023-07
1557,166,2023-12-30,Headphones,Accessories,4,784.18,COD,3136.72,2023-12
1558,164,2023-02-08,Monitor,Electronics,4,558.1,PayPal,2232.4,2023-02
1559,132,2023-01-15,Camera,Electronics,2,1373.75,PayPal,2747.5,2023-01
1560,139,2023-01-04,Laptop,Electronics,1,542.67,UPI,542.67,2023-01
1561,173,2023-12-15,Monitor,Accessories,2,710.65,PayPal,1421.3,2023-12
1562,142,2023-07-29,Monitor,Accessories,1,1033.27,PayPal,1033.27,2023-07
1563,143,2023-06-10,Laptop,Accessories,4,837.38,PayPal,3349.52,2023-06
1564,128,2023-01-16,Headphones,Accessories,1,552.98,UPI,552.98,2023-01
1565,112,2023-04-18,Laptop,Electronics,4,681.68,Credit Card,2726.72,2023-04
1566,111,2023-11-07,Monitor,Electronics,3,1202.0,PayPal,3606.0,2023-11
1567,194,2023-08-15,Headphones,Electronics,3,453.29,UPI,1359.87,2023-08
1568,145,2023-06-19,Headphones,Electronics,3,256.27,UPI,768.81,2023-06
1569,101,2023-02-03,Laptop,Electronics,2,504.09,COD,1008.18,2023-02
1570,134,2023-09-08,Monitor,Electronics,2,1281.82,UPI,2563.64,2023-09
1571,186,2023-09-04,Camera,Accessories,4,179.04,Credit Card,716.16,2023-09
1572,180,2023-09-26,Monitor,Accessories,3,1487.96,PayPal,4463.88,2023-09
1573,189,2023-05-21,Phone,Electronics,2,834.45,UPI,1668.9,2023-05
1574,107,2023-10-01,Camera,Electronics,3,1478.03,Credit Card,4434.09,2023-10
1575,192,2023-04-06,Headphones,Accessories,2,1411.54,UPI,2823.08,2023-04
1576,125,2023-08-15,Camera,Accessories,1,706.58,UPI,706.58,2023-08
1577,173,2023-02-08,Headphones,Accessories,1,337.81,UPI,337.81,2023-02
1578,189,2023-10-29,Headphones,Accessories,3,289.08,UPI,867.24,2023-10
1579,133,2023-01-29,Camera,Electronics,4,397.98,UPI,1591.92,2023-01
1580,106,2023-11-14,Headphones,Electronics,2,1079.69,Credit Card,2159.38,2023-11
1581,167,2023-09-02,Headphones,Electronics,2,445.78,PayPal,891.56,2023-09
1582,157,2023-08-24,Phone,Electronics,1,545.07,PayPal,545.07,2023-08
1583,174,2023-07-04,Monitor,Electronics,1,700.73,PayPal,700.73,2023-07
1584,128,2023-09-29,Monitor,Accessories,4,1374.19,PayPal,5496.76,2023-09
1585,135,2023-08-24,Phone,Electronics,4,324.62,Credit Card,1298.48,2023-08
1586,188,2023-08-27,Camera,Accessories,4,57.29,COD,229.16,2023-08
1587,120,2023-09-23,Laptop,Electronics,3,137.14,COD,411.42,2023-09
1588,135,2023-12-25,Laptop,Electronics,1,1361.91,Credit Card,1361.91,2023-12
1589,109,2023-12-06,Laptop,Electronics,3,988.9,Credit Card,2966.7,2023-12
1590,172,2023-03-06,Phone,Electronics,1,445.91,UPI,445.91,2023-03
1591,123,2023-06-26,Phone,Electronics,1,306.93,UPI,306.93,2023-06
1592,163,2023-01-03,Headphones,Accessories,2,476.69,UPI,953.38,2023-01
1593,198,2023-05-22,Laptop,Accessories,1,216.46,PayPal,216.46,2023-05
1594,148,2023-06-07,Camera,Accessories,1,1415.22,UPI,1415.22,2023-06
1595,198,2023-11-20,Camera,Electronics,3,1187.1,COD,3561.2999999999997,2023-11
1596,135,2023-05-26,Laptop,Electronics,1,720.47,PayPal,720.47,2023-05
1597,181,2023-10-20,Laptop,Accessories,3,1304.2,UPI,3912.6,2023-10
1598,195,2023-06-02,Laptop,Electronics,4,411.71,PayPal,1646.84,2023-06
1599,123,2023-07-12,Phone,Electronics,1,1089.82,COD,1089.82,2023-07
1600,122,2023-03-14,Phone,Accessories,1,1291.39,UPI,1291.39,2023-03
1601,161,2023-11-01,Phone,Electronics,3,567.31,COD,1701.9299999999998,2023-11
1602,195,2023-12-10,Monitor,Accessories,4,1148.32,COD,4593.28,2023-12
1603,136,2023-05-20,Camera,Electronics,2,477.85,COD,955.7,2023-05
1604,111,2023-07-06,Camera,Accessories,4,483.34,UPI,1933.36,2023-07
1605,154,2023-10-20,Headphones,Electronics,3,205.23,Credit Card,615.6899999999999,2023-10
1606,112,2023-03-02,Phone,Electronics,4,688.08,UPI,2752.32,2023-03
1607,122,2023-07-17,Monitor,Accessories,3,1108.08,COD,3324.24,2023-07
1608,188,2023-10-22,Monitor,Electronics,3,1413.32,UPI,4239.96,2023-10
1609,198,2023-11-15,Camera,Electronics,2,925.51,COD,1851.02,2023-11
1610,129,2023-10-29,Phone,Accessories,1,1301.55,Credit Card,1301.55,2023-10
1611,116,2023-12-10,Headphones,Electronics,3,1242.62,PayPal,3727.86,2023-12
1612,161,2023-01-11,Phone,Accessories,3,301.35,Credit Card,904.05,2023-01
1613,183,2023-03-03,Laptop,Electronics,2,754.44,Credit Card,1508.88,2023-03
1614,188,2023-11-29,Phone,Electronics,3,219.54,PayPal,658.62,2023-11
1615,185,2023-08-14,Laptop,Electronics,1,1039.12,UPI,1039.12,2023-08
1616,112,2023-06-02,Laptop,Electronics,2,1427.35,PayPal,2854.7,2023-06
1617,158,2023-07-18,Headphones,Accessories,1,248.78,UPI,248.78,2023-07
1618,118,2023-02-21,Camera,Electronics,1,1114.13,UPI,1114.13,2023-02
1619,148,2023-09-17,Phone,Accessories,2,966.75,COD,1933.5,2023-09
1620,199,2023-02-28,Laptop,Electronics,3,896.23,COD,2688.69,2023-02
1621,111,2023-03-13,Phone,Electronics,1,615.67,PayPal,615.67,2023-03
1622,160,2023-05-28,Camera,Electronics,1,564.94,Credit Card,564.94,2023-05
1623,118,2023-12-15,Camera,Electronics,1,115.61,PayPal,115.61,2023-12
1624,175,2023-03-04,Monitor,Accessories,1,365.97,UPI,365.97,2023-03
1625,108,2023-11-06,Camera,Accessories,2,72.01,COD,144.02,2023-11
1626,170,2023-08-31,Headphones,Accessories,2,893.05,PayPal,1786.1,2023-08
1627,127,2023-11-26,Laptop,Accessories,4,203.49,PayPal,813.96,2023-11
1628,177,2023-04-17,Monitor,Electronics,4,1315.88,COD,5263.52,2023-04
1629,194,2023-08-14,Headphones,Accessories,1,808.56,COD,808.56,2023-08
1630,151,2023-11-09,Phone,Accessories,3,1064.55,COD,3193.6499999999996,2023-11
1631,182,2023-08-06,Laptop,Electronics,1,645.74,UPI,645.74,2023-08
1632,115,2023-08-29,Camera,Electronics,3,862.84,COD,2588.52,2023-08
1633,168,2023-09-16,Laptop,Electronics,1,1416.86,Credit Card,1416.86,2023-09
1634,198,2023-09-19,Phone,Electronics,4,169.96,PayPal,679.84,2023-09
1635,111,2023-01-05,Monitor,Accessories,4,418.21,COD,1672.84,2023-01
1636,124,2023-09-18,Monitor,Accessories,3,1180.98,COD,3542.94,2023-09
1637,151,2023-02-23,Monitor,Electronics,1,193.17,UPI,193.17,2023-02
1638,184,2023-02-16,Camera,Electronics,3,159.71,UPI,479.13,2023-02
1639,199,2023-08-03,Headphones,Electronics,4,574.24,PayPal,2296.96,2023-08
1640,152,2023-06-26,Headphones,Accessories,1,183.64,Credit Card,183.64,2023-06
1641,122,2023-01-09,Laptop,Accessories,1,898.36,PayPal,898.36,2023-01
1642,115,2023-04-09,Camera,Electronics,3,378.1,COD,1134.3000000000002,2023-04
1643,156,2023-01-20,Monitor,Electronics,2,1348.76,Credit Card,2697.52,2023-01
1644,138,2023-08-29,Monitor,Accessories,3,1186.08,Credit Card,3558.24,2023-08
1645,152,2023-03-02,Phone,Electronics,4,1064.57,Credit Card,4258.28,2023-03
1646,141,2023-06-27,Phone,Electronics,4,944.57,Credit Card,3778.28,2023-06
1647,157,2023-12-04,Monitor,Accessories,4,1302.03,PayPal,5208.12,2023-12
1648,138,2023-03-03,Monitor,Electronics,4,373.44,UPI,1493.76,2023-03
1649,113,2023-05-25,Camera,Accessories,4,1316.01,UPI,5264.04,2023-05
1650,194,2023-08-04,Headphones,Electronics,2,1194.76,COD,2389.52,2023-08
1651,104,2023-01-03,Phone,Electronics,1,1134.83,UPI,1134.83,2023-01
1652,134,2023-06-09,Headphones,Accessories,3,863.82,UPI,2591.46,2023-06
1653,186,2023-08-15,Camera,Accessories,3,407.05,UPI,1221.15,2023-08
1654,192,2023-09-26,Monitor,Electronics,4,664.14,UPI,2656.56,2023-09
1655,174,2023-04-30,Headphones,Accessories,3,1200.68,COD,3602.04,2023-04
1656,117,2023-03-30,Monitor,Electronics,4,96.08,PayPal,384.32,2023-03
1657,175,2023-11-25,Monitor,Electronics,2,1183.97,Credit Card,2367.94,2023-11
1658,108,2023-03-09,Laptop,Accessories,2,398.1,UPI,796.2,2023-03
1659,173,2023-12-23,Headphones,Electronics,1,259.25,PayPal,259.25,2023-12
1660,157,2023-04-08,Headphones,Electronics,2,217.77,UPI,435.54,2023-04
1661,116,2023-09-24,Monitor,Accessories,2,89.51,UPI,179.02,2023-09
1662,106,2023-04-15,Camera,Accessories,1,809.2,Credit Card,809.2,2023-04
1663,145,2023-11-19,Laptop,Electronics,3,366.48,Credit Card,1099.44,2023-11
1664,112,2023-05-03,Monitor,Accessories,4,1484.68,Credit Card,5938.72,2023-05
1665,139,2023-01-29,Phone,Accessories,4,882.93,UPI,3531.72,2023-01
1666,141,2023-05-17,Phone,Accessories,3,249.93,UPI,749.79,2023-05
1667,108,2023-07-14,Laptop,Accessories,1,1048.71,UPI,1048.71,2023-07
1668,149,2023-08-14,Camera,Electronics,3,1351.73,Credit Card,4055.19,2023-08
1669,126,2023-11-28,Monitor,Electronics,2,1130.51,COD,2261.02,2023-11
1670,165,2023-06-19,Headphones,Electronics,1,160.84,PayPal,160.84,2023-06
1671,104,2023-01-09,Laptop,Accessories,1,1349.03,COD,1349.03,2023-01
1672,128,2023-02-09,Camera,Accessories,1,1201.2,UPI,1201.2,2023-02
1673,136,2023-01-25,Headphones,Accessories,4,279.54,UPI,1118.16,2023-01
1674,137,2023-09-18,Phone,Accessories,3,125.09,COD,375.27,2023-09
1675,182,2023-08-14,Phone,Accessories,1,858.1,UPI,858.1,2023-08
1676,107,2023-05-04,Headphones,Accessories,1,276.25,PayPal,276.25,2023-05
1677,164,2023-02-07,Laptop,Accessories,1,1260.16,UPI,1260.16,2023-02
1678,185,2023-11-24,Phone,Electronics,3,569.59,PayPal,1708.77,2023-11
1679,116,2023-09-08,Monitor,Electronics,4,1373.69,COD,5494.76,2023-09
1680,170,2023-06-25,Headphones,Accessories,2,870.25,COD,1740.5,2023-06
1681,188,2023-03-31,Headphones,Accessories,4,314.87,UPI,1259.48,2023-03
1682,144,2023-02-06,Phone,Accessories,1,252.42,PayPal,252.42,2023-02
1683,103,2023-11-12,Laptop,Electronics,4,885.89,UPI,3543.56,2023-11
1684,135,2023-06-25,Monitor,Electronics,4,1154.73,Credit Card,4618.92,2023-06
1685,169,2023-10-11,Laptop,Accessories,2,1183.18,Credit Card,2366.36,2023-10
1686,130,2023-03-22,Camera,Accessories,3,449.85,Credit Card,1349.5500000000002,2023-03
1687,118,2023-04-24,Camera,Electronics,3,346.16,Credit Card,1038.48,2023-04
1688,160,2023-02-09,Phone,Electronics,4,74.3,UPI,297.2,2023-02
1689,153,2023-10-28,Phone,Electronics,4,1034.84,Credit Card,4139.36,2023-10
1690,138,2023-08-12,Phone,Electronics,3,161.02,PayPal,483.06000000000006,2023-08
1691,190,2023-11-14,Camera,Accessories,3,660.1,COD,1980.3,2023-11
1692,173,2023-12-15,Laptop,Electronics,2,922.44,COD,1844.88,2023-12
1693,189,2023-04-25,Laptop,Electronics,1,1408.81,Credit Card,1408.81,2023-04
1694,118,2023-07-05,Phone,Accessories,4,502.11,Credit Card,2008.44,2023-07
1695,138,2023-11-19,Monitor,Electronics,3,412.17,Credit Card,1236.51,2023-11
1696,166,2023-02-25,Laptop,Electronics,4,998.53,UPI,3994.12,2023-02
1697,144,2023-02-09,Camera,Electronics,4,947.9,COD,3791.6,2023-02
1698,112,2023-12-20,Headphones,Accessories,3,531.56,Credit Card,1594.6799999999998,2023-12
1699,191,2023-02-09,Headphones,Electronics,2,1395.75,PayPal,2791.5,2023-02
1700,157,2023-12-13,Headphones,Accessories,4,1275.05,Credit Card,5100.2,2023-12
1701,119,2023-08-25,Monitor,Accessories,2,374.77,COD,749.54,2023-08
1702,191,2023-10-16,Phone,Electronics,3,396.76,Credit Card,1190.28,2023-10
1703,171,2023-09-19,Camera,Electronics,1,792.84,COD,792.84,2023-09
1704,160,2023-08-04,Monitor,Electronics,1,1171.68,Credit Card,1171.68,2023-08
1705,138,2023-05-27,Camera,Electronics,4,113.86,PayPal,455.44,2023-05
1706,100,2023-12-02,Camera,Accessories,3,1055.34,Credit Card,3166.0199999999995,2023-12
1707,102,2023-06-17,Phone,Electronics,2,989.94,PayPal,1979.88,2023-06
1708,176,2023-04-02,Headphones,Electronics,4,385.65,PayPal,1542.6,2023-04
1709,191,2023-12-19,Phone,Electronics,3,1037.96,Credit Card,3113.88,2023-12
1710,161,2023-02-28,Monitor,Accessories,3,1413.27,PayPal,4239.8099999999995,2023-02
1711,162,2023-02-28,Monitor,Electronics,2,117.84,UPI,235.68,2023-02
1712,124,2023-10-31,Monitor,Electronics,4,513.5,Credit Card,2054.0,2023-10
1713,155,2023-06-18,Phone,Accessories,3,685.36,Credit Card,2056.08,2023-06
1714,132,2023-09-26,Camera,Accessories,3,1353.93,PayPal,4061.79,2023-09
1715,137,2023-12-29,Camera,Electronics,3,1445.28,PayPal,4335.84,2023-12
1716,105,2023-02-14,Laptop,Electronics,2,693.97,Credit Card,1387.94,2023-02
1717,157,2023-12-11,Monitor,Electronics,4,1137.54,UPI,4550.16,2023-12
1718,143,2023-06-30,Camera,Electronics,4,820.91,PayPal,3283.64,2023-06
1719,144,2023-06-19,Laptop,Electronics,4,829.79,PayPal,3319.16,2023-06
1720,131,2023-12-22,Camera,Accessories,4,453.24,COD,1812.96,2023-12
1721,144,2023-07-10,Monitor,Accessories,1,364.59,UPI,364.59,2023-07
1722,160,2023-06-04,Headphones,Electronics,1,467.61,UPI,467.61,2023-06
1723,146,2023-07-07,Monitor,Electronics,4,856.68,Credit Card,3426.72,2023-07
1724,120,2023-01-07,Phone,Accessories,2,92.28,UPI,184.56,2023-01
1725,179,2023-05-13,Camera,Electronics,1,1365.51,Credit Card,1365.51,2023-05
1726,184,2023-08-23,Camera,Electronics,3,276.61,COD,829.83,2023-08
1727,174,2023-02-14,Phone,Electronics,1,369.13,UPI,369.13,2023-02
1728,135,2023-11-10,Phone,Electronics,3,801.5,PayPal,2404.5,2023-11
1729,198,2023-09-06,Headphones,Electronics,4,1079.67,COD,4318.68,2023-09
1730,118,2023-01-31,Camera,Accessories,1,188.81,Credit Card,188.81,2023-01
1731,119,2023-01-23,Camera,Electronics,2,510.66,COD,1021.32,2023-01
1732,156,2023-06-09,Headphones,Electronics,1,1454.58,Credit Card,1454.58,2023-06
1733,117,2023-12-29,Laptop,Electronics,1,430.4,COD,430.4,2023-12
1734,146,2023-06-07,Headphones,Accessories,1,503.92,Credit Card,503.92,2023-06
1735,148,2023-02-08,Monitor,Accessories,4,1262.92,UPI,5051.68,2023-02
1736,113,2023-03-23,Camera,Accessories,2,122.81,PayPal,245.62,2023-03
1737,114,2023-12-22,Phone,Accessories,1,723.69,Credit Card,723.69,2023-12
1738,130,2023-09-15,Monitor,Electronics,2,600.44,COD,1200.88,2023-09
1739,100,2023-07-25,Camera,Accessories,4,509.05,Credit Card,2036.2,2023-07
1740,153,2023-03-18,Headphones,Electronics,3,464.26,Credit Card,1392.78,2023-03
1741,102,2023-01-12,Monitor,Electronics,1,182.49,Credit Card,182.49,2023-01
1742,115,2023-10-22,Camera,Accessories,2,506.5,COD,1013.0,2023-10
1743,186,2023-08-12,Laptop,Accessories,2,112.43,PayPal,224.86,2023-08
1744,156,2023-01-13,Laptop,Accessories,4,1182.4,UPI,4729.6,2023-01
1745,174,2023-02-15,Phone,Accessories,1,627.43,PayPal,627.43,2023-02
1746,111,2023-06-04,Camera,Accessories,3,693.66,Credit Card,2080.98,2023-06
1747,173,2023-04-23,Laptop,Electronics,2,1345.71,COD,2691.42,2023-04
1748,195,2023-08-21,Headphones,Accessories,1,1004.18,PayPal,1004.18,2023-08
1749,115,2023-01-17,Camera,Accessories,3,61.69,Credit Card,185.07,2023-01
1750,171,2023-12-26,Headphones,Accessories,2,1417.6,UPI,2835.2,2023-12
1751,175,2023-08-11,Headphones,Electronics,2,393.86,UPI,787.72,2023-08
1752,123,2023-12-20,Laptop,Accessories,3,206.04,UPI,618.12,2023-12
1753,127,2023-07-07,Camera,Electronics,3,1163.79,Credit Card,3491.37,2023-07
1754,107,2023-12-10,Monitor,Accessories,4,775.69,COD,3102.76,2023-12
1755,191,2023-12-31,Laptop,Accessories,1,678.97,PayPal,678.97,2023-12
1756,135,2023-06-12,Laptop,Electronics,1,411.78,UPI,411.78,2023-06
1757,189,2023-11-22,Camera,Accessories,4,843.83,Credit Card,3375.32,2023-11
1758,107,2023-03-15,Camera,Electronics,2,447.86,Credit Card,895.72,2023-03
1759,157,2023-08-21,Headphones,Electronics,3,1357.3,PayPal,4071.9,2023-08
1760,159,2023-08-12,Camera,Electronics,3,362.05,UPI,1086.15,2023-08
1761,149,2023-11-15,Headphones,Accessories,3,1332.31,Credit Card,3996.93,2023-11
1762,127,2023-03-01,Laptop,Accessories,2,861.14,PayPal,1722.28,2023-03
1763,191,2023-12-01,Phone,Accessories,3,1251.31,COD,3753.93,2023-12
1764,140,2023-08-10,Monitor,Electronics,3,1083.63,COD,3250.8900000000003,2023-08
1765,199,2023-02-06,Laptop,Accessories,4,1060.21,COD,4240.84,2023-02
1766,163,2023-10-05,Camera,Electronics,2,520.3,UPI,1040.6,2023-10
1767,126,2023-07-15,Monitor,Accessories,1,389.15,PayPal,389.15,2023-07
1768,162,2023-12-18,Phone,Electronics,4,355.79,PayPal,1423.16,2023-12
1769,116,2023-08-30,Phone,Electronics,4,1292.93,Credit Card,5171.72,2023-08
1770,172,2023-11-20,Headphones,Electronics,1,1239.62,Credit Card,1239.62,2023-11
1771,132,2023-08-07,Monitor,Accessories,4,688.83,Credit Card,2755.32,2023-08
1772,183,2023-07-11,Headphones,Electronics,2,241.99,PayPal,483.98,2023-07
1773,176,2023-01-17,Laptop,Electronics,3,604.27,Credit Card,1812.81,2023-01
1774,191,2023-01-12,Monitor,Electronics,2,948.05,PayPal,1896.1,2023-01
1775,128,2023-07-12,Laptop,Electronics,1,708.88,PayPal,708.88,2023-07
1776,112,2023-01-22,Headphones,Electronics,1,1181.27,COD,1181.27,2023-01
1777,145,2023-04-30,Monitor,Electronics,4,1496.55,Credit Card,5986.2,2023-04
1778,134,2023-07-29,Headphones,Accessories,2,327.14,COD,654.28,2023-07
1779,105,2023-11-02,Monitor,Accessories,2,716.49,UPI,1432.98,2023-11
1780,181,2023-09-27,Headphones,Electronics,1,674.93,UPI,674.93,2023-09
1781,168,2023-07-11,Phone,Accessories,2,491.51,UPI,983.02,2023-07
1782,146,2023-06-24,Headphones,Accessories,1,337.24,PayPal,337.24,2023-06
1783,124,2023-10-12,Phone,Electronics,2,145.25,PayPal,290.5,2023-10
1784,165,2023-07-23,Headphones,Electronics,2,1336.32,PayPal,2672.64,2023-07
1785,109,2023-06-13,Monitor,Electronics,2,658.78,Credit Card,1317.56,2023-06
1786,155,2023-09-08,Monitor,Accessories,1,770.5,COD,770.5,2023-09
1787,129,2023-08-15,Monitor,Electronics,4,1379.57,PayPal,5518.28,2023-08
1788,104,2023-01-07,Camera,Accessories,2,1175.62,COD,2351.24,2023-01
1789,132,2023-01-29,Laptop,Electronics,1,239.23,COD,239.23,2023-01
1790,164,2023-02-02,Monitor,Accessories,1,869.86,COD,869.86,2023-02
1791,117,2023-05-14,Phone,Electronics,2,691.27,Credit Card,1382.54,2023-05
1792,195,2023-03-20,Monitor,Electronics,2,1205.96,Credit Card,2411.92,2023-03
1793,148,2023-02-27,Camera,Accessories,4,1100.14,UPI,4400.56,2023-02
1794,110,2023-01-26,Phone,Accessories,1,1051.09,UPI,1051.09,2023-01
1795,184,2023-08-14,Camera,Accessories,1,543.79,COD,543.79,2023-08
1796,125,2023-10-12,Phone,Accessories,3,1217.2,UPI,3651.6,2023-10
1797,162,2023-01-04,Headphones,Accessories,1,125.97,COD,125.97,2023-01
1798,188,2023-04-09,Laptop,Accessories,4,281.46,Credit Card,1125.84,2023-04
1799,185,2023-02-08,Laptop,Electronics,3,536.65,Credit Card,1609.9499999999998,2023-02
1800,158,2023-09-28,Camera,Accessories,3,161.37,Credit Card,484.11,2023-09
1801,126,2023-10-12,Laptop,Electronics,3,390.74,PayPal,1172.22,2023-10
1802,148,2023-06-06,Camera,Electronics,2,1253.72,COD,2507.44,2023-06
1803,176,2023-03-16,Camera,Accessories,2,1424.96,Credit Card,2849.92,2023-03
1804,132,2023-10-15,Camera,Electronics,1,491.67,COD,491.67,2023-10
1805,197,2023-05-10,Laptop,Accessories,3,433.55,UPI,1300.65,2023-05
1806,198,2023-06-24,Camera,Accessories,4,455.84,UPI,1823.36,2023-06
1807,100,2023-03-25,Laptop,Electronics,2,452.69,Credit Card,905.38,2023-03
1808,120,2023-01-22,Camera,Electronics,4,102.1,COD,408.4,2023-01
1809,154,2023-01-27,Monitor,Accessories,4,1394.03,Credit Card,5576.12,2023-01
1810,105,2023-07-14,Camera,Accessories,2,359.86,UPI,719.72,2023-07
1811,191,2023-12-03,Phone,Electronics,2,659.01,Credit Card,1318.02,2023-12
1812,180,2023-08-24,Camera,Electronics,2,64.05,COD,128.1,2023-08
1813,168,2023-04-02,Headphones,Electronics,2,1294.03,UPI,2588.06,2023-04
1814,194,2023-01-21,Camera,Electronics,3,1110.18,PayPal,3330.54,2023-01
1815,104,2023-10-30,Phone,Accessories,3,1422.8,UPI,4268.4,2023-10
1816,102,2023-12-23,Phone,Accessories,3,1183.34,PayPal,3550.0199999999995,2023-12
1817,152,2023-03-25,Laptop,Accessories,3,504.87,Credit Card,1514.61,2023-03
1818,122,2023-09-19,Monitor,Accessories,1,409.42,Credit Card,409.42,2023-09
1819,152,2023-05-27,Camera,Electronics,3,1061.69,COD,3185.07,2023-05
1820,136,2023-09-14,Laptop,Electronics,2,577.96,PayPal,1155.92,2023-09
1821,173,2023-02-27,Monitor,Accessories,4,871.01,Credit Card,3484.04,2023-02
1822,173,2023-01-15,Camera,Accessories,3,59.07,PayPal,177.21,2023-01
1823,182,2023-06-11,Headphones,Accessories,1,139.73,Credit Card,139.73,2023-06
1824,116,2023-06-12,Camera,Accessories,2,826.28,UPI,1652.56,2023-06
1825,184,2023-11-16,Phone,Accessories,4,870.8,Credit Card,3483.2,2023-11
1826,177,2023-10-08,Phone,Accessories,4,1139.61,COD,4558.44,2023-10
1827,172,2023-10-07,Headphones,Accessories,3,241.35,UPI,724.05,2023-10
1828,100,2023-01-12,Laptop,Accessories,4,794.12,COD,3176.48,2023-01
1829,150,2023-10-01,Monitor,Accessories,3,331.95,UPI,995.85,2023-10
1830,144,2023-09-28,Camera,Electronics,3,185.13,PayPal,555.39,2023-09
1831,176,2023-07-27,Phone,Accessories,2,645.22,COD,1290.44,2023-07
1832,103,2023-01-27,Laptop,Electronics,2,286.84,Credit Card,573.68,2023-01
1833,161,2023-03-13,Headphones,Electronics,1,371.58,PayPal,371.58,2023-03
1834,164,2023-03-01,Phone,Accessories,2,510.45,Credit Card,1020.9,2023-03
1835,131,2023-05-25,Headphones,Accessories,2,426.11,UPI,852.22,2023-05
1836,133,2023-04-03,Camera,Electronics,3,177.01,UPI,531.03,2023-04
1837,191,2023-11-05,Monitor,Electronics,2,180.38,Credit Card,360.76,2023-11
1838,194,2023-01-08,Phone,Accessories,3,330.21,Credit Card,990.63,2023-01
1839,171,2023-03-20,Phone,Electronics,3,123.31,PayPal,369.93,2023-03
1840,138,2023-01-27,Camera,Accessories,2,958.36,Credit Card,1916.72,2023-01
1841,125,2023-06-23,Laptop,Accessories,1,466.62,COD,466.62,2023-06
1842,133,2023-02-19,Monitor,Accessories,1,455.63,COD,455.63,2023-02
1843,153,2023-07-18,Phone,Electronics,4,531.4,Credit Card,2125.6,2023-07
1844,102,2023-12-15,Monitor,Electronics,4,1011.05,COD,4044.2,2023-12
1845,149,2023-06-30,Phone,Accessories,2,1312.42,Credit Card,2624.84,2023-06
1846,111,2023-01-24,Monitor,Electronics,1,1150.68,PayPal,1150.68,2023-01
1847,164,2023-11-12,Headphones,Electronics,3,1104.92,COD,3314.76,2023-11
1848,153,2023-02-15,Phone,Electronics,4,752.37,COD,3009.48,2023-02
1849,104,2023-01-15,Monitor,Electronics,3,1056.02,Credit Card,3168.06,2023-01
1850,193,2023-06-02,Laptop,Electronics,4,851.51,COD,3406.04,2023-06
1851,193,2023-08-10,Headphones,Electronics,2,363.56,UPI,727.12,2023-08
1852,156,2023-07-25,Headphones,Electronics,1,352.45,PayPal,352.45,2023-07
1853,116,2023-09-30,Laptop,Accessories,4,479.77,PayPal,1919.08,2023-09
1854,146,2023-08-24,Monitor,Electronics,1,1370.66,COD,1370.66,2023-08
1855,122,2023-12-06,Camera,Electronics,3,843.75,COD,2531.25,2023-12
1856,178,2023-08-16,Laptop,Electronics,2,1114.16,UPI,2228.32,2023-08
1857,184,2023-01-09,Monitor,Electronics,1,552.51,UPI,552.51,2023-01
1858,113,2023-06-15,Laptop,Electronics,2,641.19,COD,1282.38,2023-06
1859,165,2023-11-15,Laptop,Electronics,1,232.07,COD,232.07,2023-11
1860,174,2023-08-02,Phone,Electronics,3,298.38,UPI,895.14,2023-08
1861,150,2023-04-27,Monitor,Electronics,3,1249.67,Credit Card,3749.01,2023-04
1862,137,2023-12-10,Camera,Accessories,2,898.02,UPI,1796.04,2023-12
1863,163,2023-03-13,Phone,Electronics,3,539.42,Credit Card,1618.2599999999998,2023-03
1864,197,2023-03-05,Laptop,Electronics,4,1214.13,PayPal,4856.52,2023-03
1865,137,2023-07-24,Laptop,Electronics,1,407.45,PayPal,407.45,2023-07
1866,149,2023-07-28,Laptop,Electronics,3,1465.25,UPI,4395.75,2023-07
1867,197,2023-03-13,Monitor,Accessories,4,549.99,Credit Card,2199.96,2023-03
1868,181,2023-10-04,Monitor,Accessories,2,539.1,UPI,1078.2,2023-10
1869,129,2023-10-01,Phone,Accessories,4,502.27,UPI,2009.08,2023-10
1870,178,2023-11-16,Camera,Accessories,2,227.06,Credit Card,454.12,2023-11
1871,190,2023-12-04,Phone,Accessories,2,211.15,UPI,422.3,2023-12
1872,150,2023-04-05,Headphones,Accessories,1,989.75,PayPal,989.75,2023-04
1873,162,2023-06-15,Laptop,Accessories,1,1318.92,COD,1318.92,2023-06
1874,197,2023-02-01,Laptop,Accessories,4,1196.25,COD,4785.0,2023-02
1875,151,2023-01-11,Laptop,Accessories,1,254.61,UPI,254.61,2023-01
1876,137,2023-10-28,Phone,Accessories,1,841.09,Credit Card,841.09,2023-10
1877,196,2023-08-05,Phone,Accessories,1,203.11,Credit Card,203.11,2023-08
1878,187,2023-10-16,Laptop,Accessories,4,115.68,PayPal,462.72,2023-10
1879,178,2023-04-12,Phone,Accessories,3,1001.76,Credit Card,3005.2799999999997,2023-04
1880,129,2023-09-24,Monitor,Accessories,1,825.97,Credit Card,825.97,2023-09
1881,150,2023-08-02,Monitor,Accessories,1,168.93,PayPal,168.93,2023-08
1882,180,2023-06-28,Phone,Accessories,4,100.66,UPI,402.64,2023-06
1883,104,2023-03-29,Laptop,Electronics,3,1485.15,COD,4455.450000000001,2023-03
1884,128,2023-02-10,Phone,Accessories,1,93.53,PayPal,93.53,2023-02
1885,103,2023-03-17,Phone,Electronics,2,694.57,UPI,1389.14,2023-03
1886,109,2023-02-15,Phone,Accessories,4,781.7,PayPal,3126.8,2023-02
1887,155,2023-06-09,Headphones,Accessories,1,220.06,UPI,220.06,2023-06
1888,116,2023-03-21,Monitor,Electronics,1,295.14,PayPal,295.14,2023-03
1889,173,2023-11-06,Camera,Accessories,2,560.12,UPI,1120.24,2023-11
1890,116,2023-03-27,Camera,Electronics,2,1154.43,PayPal,2308.86,2023-03
1891,183,2023-04-02,Headphones,Electronics,4,785.27,UPI,3141.08,2023-04
1892,187,2023-05-28,Phone,Electronics,4,974.96,PayPal,3899.84,2023-05
1893,168,2023-06-10,Headphones,Accessories,2,1478.5,COD,2957.0,2023-06
1894,133,2023-07-21,Headphones,Accessories,4,1163.61,COD,4654.44,2023-07
1895,105,2023-08-30,Laptop,Accessories,2,679.82,Credit Card,1359.64,2023-08
1896,152,2023-12-19,Monitor,Electronics,1,697.34,UPI,697.34,2023-12
1897,165,2023-01-02,Camera,Electronics,2,947.22,PayPal,1894.44,2023-01
1898,176,2023-08-13,Phone,Accessories,2,1014.78,UPI,2029.56,2023-08
1899,142,2023-10-16,Camera,Accessories,3,776.03,COD,2328.09,2023-10
1900,174,2023-08-21,Camera,Accessories,2,985.05,UPI,1970.1,2023-08
1901,122,2023-03-18,Monitor,Accessories,2,84.12,PayPal,168.24,2023-03
1902,154,2023-04-26,Camera,Accessories,3,672.95,UPI,2018.85,2023-04
1903,179,2023-06-03,Camera,Electronics,4,454.46,PayPal,1817.84,2023-06
1904,194,2023-04-13,Headphones,Electronics,3,237.3,COD,711.9000000000001,2023-04
1905,174,2023-07-13,Monitor,Electronics,1,194.34,COD,194.34,2023-07
1906,115,2023-06-15,Laptop,Accessories,3,924.63,COD,2773.89,2023-06
1907,107,2023-12-25,Phone,Electronics,1,809.22,Credit Card,809.22,2023-12
1908,103,2023-03-31,Camera,Electronics,4,417.7,COD,1670.8,2023-03
1909,103,2023-06-23,Phone,Electronics,3,732.88,UPI,2198.64,2023-06
1910,155,2023-05-02,Laptop,Electronics,3,763.74,Credit Card,2291.2200000000003,2023-05
1911,124,2023-05-23,Phone,Electronics,4,332.76,COD,1331.04,2023-05
1912,166,2023-04-16,Laptop,Accessories,1,995.53,UPI,995.53,2023-04
1913,195,2023-11-01,Headphones,Electronics,3,1182.33,UPI,3546.99,2023-11
1914,166,2023-12-26,Camera,Accessories,1,1197.62,UPI,1197.62,2023-12
1915,126,2023-11-13,Laptop,Accessories,3,923.58,PayPal,2770.74,2023-11
1916,192,2023-05-03,Phone,Accessories,2,791.88,Credit Card,1583.76,2023-05
1917,131,2023-01-09,Camera,Accessories,3,138.46,UPI,415.38,2023-01
1918,149,2023-09-19,Headphones,Accessories,4,467.36,PayPal,1869.44,2023-09
1919,160,2023-03-14,Camera,Electronics,4,185.24,COD,740.96,2023-03
1920,150,2023-12-25,Laptop,Electronics,1,1447.54,UPI,1447.54,2023-12
1921,118,2023-08-11,Headphones,Accessories,3,245.87,PayPal,737.61,2023-08
1922,120,2023-02-10,Phone,Accessories,1,270.07,UPI,270.07,2023-02
1923,104,2023-07-23,Headphones,Accessories,1,1339.89,Credit Card,1339.89,2023-07
1924,181,2023-09-21,Headphones,Electronics,2,1418.7,Credit Card,2837.4,2023-09
1925,191,2023-11-24,Monitor,Accessories,2,1160.45,COD,2320.9,2023-11
1926,141,2023-06-27,Headphones,Electronics,4,57.84,UPI,231.36,2023-06
1927,160,2023-12-14,Headphones,Accessories,1,51.95,PayPal,51.95,2023-12
1928,121,2023-11-14,Camera,Electronics,4,598.25,COD,2393.0,2023-11
1929,120,2023-03-25,Phone,Accessories,3,257.92,UPI,773.76,2023-03
1930,169,2023-11-14,Camera,Electronics,1,76.66,COD,76.66,2023-11
1931,100,2023-04-21,Camera,Accessories,1,722.9,PayPal,722.9,2023-04
1932,104,2023-09-08,Laptop,Electronics,3,1417.44,COD,4252.32,2023-09
1933,111,2023-01-07,Camera,Electronics,3,519.54,COD,1558.62,2023-01
1934,189,2023-03-25,Monitor,Electronics,4,1008.65,COD,4034.6,2023-03
1935,145,2023-07-27,Monitor,Electronics,4,995.74,UPI,3982.96,2023-07
1936,133,2023-11-10,Laptop,Electronics,3,414.07,PayPal,1242.21,2023-11
1937,148,2023-01-22,Phone,Electronics,4,993.12,Credit Card,3972.48,2023-01
1938,177,2023-01-03,Phone,Electronics,3,357.88,UPI,1073.64,2023-01
1939,189,2023-05-07,Camera,Accessories,1,226.91,Credit Card,226.91,2023-05
1940,144,2023-10-24,Camera,Accessories,1,1067.01,Credit Card,1067.01,2023-10
1941,126,2023-07-07,Camera,Accessories,2,214.49,UPI,428.98,2023-07
1942,172,2023-12-28,Phone,Accessories,1,1495.52,UPI,1495.52,2023-12
1943,125,2023-01-14,Headphones,Accessories,3,316.01,PayPal,948.03,2023-01
1944,146,2023-01-12,Monitor,Electronics,4,911.51,PayPal,3646.04,2023-01
1945,185,2023-03-28,Headphones,Electronics,2,646.49,COD,1292.98,2023-03
1946,155,2023-01-12,Headphones,Electronics,4,233.26,Credit Card,933.04,2023-01
1947,193,2023-01-25,Phone,Electronics,3,90.37,PayPal,271.11,2023-01
1948,162,2023-10-28,Headphones,Electronics,1,952.96,COD,952.96,2023-10
1949,147,2023-08-31,Laptop,Accessories,2,1219.8,PayPal,2439.6,2023-08
1950,160,2023-05-02,Camera,Accessories,3,1270.92,UPI,3812.76,2023-05
1951,180,2023-05-27,Laptop,Accessories,2,749.93,PayPal,1499.86,2023-05
1952,125,2023-02-24,Monitor,Accessories,2,1177.31,Credit Card,2354.62,2023-02
1953,135,2023-08-26,Camera,Electronics,1,1025.63,PayPal,1025.63,2023-08
1954,100,2023-12-22,Headphones,Electronics,3,1100.17,Credit Card,3300.51,2023-12
1955,107,2023-06-22,Monitor,Electronics,4,764.27,UPI,3057.08,2023-06
1956,198,2023-08-09,Camera,Accessories,2,968.45,Credit Card,1936.9,2023-08
1957,151,2023-04-29,Headphones,Electronics,2,1218.01,PayPal,2436.02,2023-04
1958,178,2023-11-05,Laptop,Accessories,4,626.93,COD,2507.72,2023-11
1959,146,2023-07-02,Camera,Electronics,3,1218.67,UPI,3656.01,2023-07
1960,155,2023-10-15,Headphones,Electronics,2,908.42,PayPal,1816.84,2023-10
1961,185,2023-11-03,Laptop,Accessories,2,290.56,UPI,581.12,2023-11
1962,113,2023-10-27,Monitor,Electronics,2,85.79,UPI,171.58,2023-10
1963,189,2023-03-23,Monitor,Electronics,3,575.99,PayPal,1727.97,2023-03
1964,127,2023-07-30,Monitor,Accessories,3,842.71,PayPal,2528.13,2023-07
1965,186,2023-05-30,Monitor,Electronics,4,1267.74,COD,5070.96,2023-05
1966,177,2023-02-06,Phone,Accessories,3,234.85,UPI,704.55,2023-02
1967,187,2023-12-18,Camera,Electronics,3,1210.3,UPI,3630.9,2023-12
1968,101,2023-11-08,Camera,Electronics,1,1301.36,PayPal,1301.36,2023-11
1969,125,2023-12-27,Phone,Electronics,4,268.5,Credit Card,1074.0,2023-12
1970,113,2023-02-28,Headphones,Electronics,2,1284.81,PayPal,2569.62,2023-02
1971,158,2023-05-11,Headphones,Electronics,3,1487.61,UPI,4462.83,2023-05
1972,155,2023-07-21,Monitor,Electronics,2,1103.92,PayPal,2207.84,2023-07
1973,106,2023-08-31,Laptop,Electronics,2,1187.92,COD,2375.84,2023-08
1974,102,2023-02-04,Headphones,Electronics,1,1491.9,Credit Card,1491.9,2023-02
1975,122,2023-04-03,Laptop,Accessories,3,927.95,PayPal,2783.8500000000004,2023-04
1976,117,2023-07-26,Camera,Accessories,4,496.44,COD,1985.76,2023-07
1977,137,2023-12-19,Laptop,Electronics,3,1264.42,UPI,3793.26,2023-12
1978,198,2023-11-28,Camera,Electronics,2,941.0,PayPal,1882.0,2023-11
1979,114,2023-11-01,Phone,Accessories,4,892.73,UPI,3570.92,2023-11
1980,163,2023-12-16,Phone,Electronics,3,417.77,COD,1253.31,2023-12
1981,188,2023-08-01,Monitor,Electronics,2,1146.68,UPI,2293.36,2023-08
1982,127,2023-06-08,Headphones,Accessories,2,168.42,COD,336.84,2023-06
1983,173,2023-01-24,Monitor,Electronics,1,1390.22,COD,1390.22,2023-01
1984,138,2023-10-20,Camera,Electronics,1,522.44,COD,522.44,2023-10
1985,156,2023-01-04,Monitor,Accessories,1,235.27,PayPal,235.27,2023-01
1986,116,2023-08-08,Laptop,Electronics,2,691.43,UPI,1382.86,2023-08
1987,185,2023-12-30,Camera,Electronics,3,111.58,UPI,334.74,2023-12
1988,189,2023-01-20,Phone,Accessories,1,1042.71,Credit Card,1042.71,2023-01
1989,143,2023-06-01,Headphones,Electronics,3,1358.92,Credit Card,4076.76,2023-06
1990,124,2023-02-19,Camera,Accessories,1,1264.03,Credit Card,1264.03,2023-02
1991,116,2023-06-26,Camera,Electronics,4,234.69,Credit Card,938.76,2023-06
1992,112,2023-04-06,Laptop,Electronics,4,233.09,UPI,932.36,2023-04
1993,183,2023-04-15,Headphones,Accessories,1,1229.48,COD,1229.48,2023-04
1994,124,2023-09-07,Phone,Accessories,2,1390.17,COD,2780.34,2023-09
1995,167,2023-04-27,Camera,Electronics,1,717.97,PayPal,717.97,2023-04
1996,109,2023-12-20,Camera,Accessories,1,773.51,COD,773.51,2023-12
1997,166,2023-08-16,Laptop,Accessories,2,511.48,UPI,1022.96,2023-08
1998,117,2023-03-07,Monitor,Electronics,4,1346.68,UPI,5386.72,2023-03
1999,199,2023-12-01,Phone,Electronics,3,985.11,UPI,2955.33,2023-12
2000,185,2023-09-19,Headphones,Electronics,1,467.96,PayPal,467.96,2023-09
